key,group,desc,url
b01_PROLOGO_A,01 PROLOGO COCHE,radio INFORMATIVOS -> ALIZZA SE ACABO; impacto de la nube de plastico; whip al cielo; patada al parabrisas,https://d8j0ntlcm91z4.cloudfront.net/user_2vZruksM5o1HAI0XURppaTLu2pE/hf_20260823_123751_d9636c6d-9282-431d-8a11-c6a492a8b7f6.mp4
b02_PROLOGO_B,01 PROLOGO COCHE,cartel A FILM BY @GREY_TRASH; bifurcacion NO FUTURE / PELEA; derrape a PELEA y ascenso aereo,https://d8j0ntlcm91z4.cloudfront.net/user_2vZruksM5o1HAI0XURppaTLu2pE/hf_20260823_123818_b8085dce-ab0a-4026-a7ee-7fe3ff7dc288.mp4
b03_ad7bc47d,02 LA CAIDA,cae hacia la luz blanca cegadora,https://d8j0ntlcm91z4.cloudfront.net/user_2vZruksM5o1HAI0XURppaTLu2pE/hf_20260804_191829_ad7bc47d-8ce6-4442-b0f7-ace38c4ec32a.mp4
b04_c479a10f,03 EL FUEGO,aterriza en el bosque en llamas y avanza,https://d8j0ntlcm91z4.cloudfront.net/user_2vZruksM5o1HAI0XURppaTLu2pE/hf_20260726_161244_c479a10f-1ac8-4274-827c-42c1c87af732.mp4
b05_15144c33,03 EL FUEGO,la cara al rojo mirando arriba,https://d8j0ntlcm91z4.cloudfront.net/user_2vZruksM5o1HAI0XURppaTLu2pE/hf_20260802_235943_15144c33-242b-42ae-95b2-114616700531.mp4
b06_282a166c,03 EL FUEGO,lagrimas de sol: el incendio en sus ojos,https://d8j0ntlcm91z4.cloudfront.net/user_2vZruksM5o1HAI0XURppaTLu2pE/hf_20260802_174145_282a166c-49b3-4796-86c0-4cf2ccba6615.mp4
b07_deb064a9,03 EL FUEGO,la sala de juntas: los trajes aplauden con la ciudad ardiendo,https://d8j0ntlcm91z4.cloudfront.net/user_2vZruksM5o1HAI0XURppaTLu2pE/hf_20260803_000340_deb064a9-d114-4369-9385-7b18c2db15cc.mp4
b08_414636d2,03 EL FUEGO,de pie en el centro de la refineria ardiendo,https://d8j0ntlcm91z4.cloudfront.net/user_2vZruksM5o1HAI0XURppaTLu2pE/hf_20260802_161312_414636d2-101c-47bc-a02d-c90f9f418c3e.mp4
b09_c3e10282,03 EL FUEGO,muro de fuego que se vuelve oro,https://d8j0ntlcm91z4.cloudfront.net/user_2vZruksM5o1HAI0XURppaTLu2pE/hf_20260802_174158_c3e10282-e2c8-4706-be17-47fd25192b79.mp4
b10_KLING_vapor,03 EL FUEGO,KLING: el muro de vapor ahoga el fuego,https://d2ol7oe51mr4n9.cloudfront.net/user_2vZruksM5o1HAI0XURppaTLu2pE/aee965ba-2b14-46cd-b098-e1a32ccf4a25.mp4
b11_8aad2b91,04 EL DILUVIO,la camara revienta la superficie; agua en la lente,https://d8j0ntlcm91z4.cloudfront.net/user_2vZruksM5o1HAI0XURppaTLu2pE/hf_20260804_181954_8aad2b91-5ef5-4960-9424-c5fa47f9e6b5.mp4
b12_6d72db8a,04 EL DILUVIO,vadea el bulevar inundado,https://d8j0ntlcm91z4.cloudfront.net/user_2vZruksM5o1HAI0XURppaTLu2pE/hf_20260804_180253_6d72db8a-675f-4811-b086-8b209da77590.mp4
b13_07e386e2,04 EL DILUVIO,el coche hundido y la silla flotando,https://d8j0ntlcm91z4.cloudfront.net/user_2vZruksM5o1HAI0XURppaTLu2pE/hf_20260803_001256_07e386e2-6c76-4394-b607-d6d2f59eaccd.mp4
b14_6a120190,04 EL DILUVIO,grita y la ciudad responde,https://d8j0ntlcm91z4.cloudfront.net/user_2vZruksM5o1HAI0XURppaTLu2pE/hf_20260804_193958_6a120190-359a-4244-89eb-aeaaf6730998.mp4
b15_e5e58356,04 EL DILUVIO,el banco en ruinas; billetes lloviendo bajo la cupula,https://d8j0ntlcm91z4.cloudfront.net/user_2vZruksM5o1HAI0XURppaTLu2pE/hf_20260803_000340_e5e58356-2714-4291-b5cb-2c407916f903.mp4
b16_18d81bda,04 EL DILUVIO,EL ABUELO: zoom hacia ella y el viejo hablando desde el balcon,https://d8j0ntlcm91z4.cloudfront.net/user_2vZruksM5o1HAI0XURppaTLu2pE/hf_20260804_180923_18d81bda-c90f-4797-9215-3baec291333b.mp4
b17_b995ab21,04 EL DILUVIO,el agua al pecho; las fachadas se cierran,https://d8j0ntlcm91z4.cloudfront.net/user_2vZruksM5o1HAI0XURppaTLu2pE/hf_20260804_185655_b995ab21-9b7b-49d9-9841-58f97f071681.mp4
b18_BR3,04 EL DILUVIO,PUENTE KLING: se zambulle y la camara entra al agua con ella,https://d2ol7oe51mr4n9.cloudfront.net/user_2vZruksM5o1HAI0XURppaTLu2pE/a59b9730-d799-45ea-9146-e256f2d5f1ec.mp4
b19_93b79310,05 EL FONDO,se hunde hacia la farola,https://d8j0ntlcm91z4.cloudfront.net/user_2vZruksM5o1HAI0XURppaTLu2pE/hf_20260804_182005_93b79310-2739-41c9-b84a-ab18dc62d6cb.mp4
b20_f89d06a0,05 EL FONDO,LA OLA CONGELADA sobre la ciudad rota,https://d8j0ntlcm91z4.cloudfront.net/user_2vZruksM5o1HAI0XURppaTLu2pE/hf_20260803_125732_f89d06a0-9307-4226-a221-de75047921a9.mp4
b21_7c0218e0,05 EL FONDO,submarino a la altura de los escaparates,https://d8j0ntlcm91z4.cloudfront.net/user_2vZruksM5o1HAI0XURppaTLu2pE/hf_20260804_191122_7c0218e0-546c-4b73-8fd5-b8d94a954697.mp4
b22_e0373605,05 EL FONDO,el arco ahogado y la farola tumbada,https://d8j0ntlcm91z4.cloudfront.net/user_2vZruksM5o1HAI0XURppaTLu2pE/hf_20260804_191843_e0373605-6f37-4445-a4c6-7e7f67e74889.mp4
b23_4da1be81,05 EL FONDO,flota en cruz; rayos catedralicios,https://d8j0ntlcm91z4.cloudfront.net/user_2vZruksM5o1HAI0XURppaTLu2pE/hf_20260804_213944_4da1be81-f768-481c-a31f-1e48f40cc809.mp4
b24_2ec8ae73,05 EL FONDO,boquea y rompe la luz de tormenta dorada,https://d8j0ntlcm91z4.cloudfront.net/user_2vZruksM5o1HAI0XURppaTLu2pE/hf_20260810_162234_2ec8ae73-4066-40c3-bfe7-561e1d1116bc.mp4
b25_4f3fbeb9,05 EL FONDO,cruza a nado la Plaza Mayor,https://d8j0ntlcm91z4.cloudfront.net/user_2vZruksM5o1HAI0XURppaTLu2pE/hf_20260804_182045_4f3fbeb9-ff7b-47ce-8baa-6840edfb1898.mp4
b26_BR4,06 LA GALERIA,PUENTE KLING: nada junto al leon y entra bajo el arco a la oscuridad,https://d2ol7oe51mr4n9.cloudfront.net/user_2vZruksM5o1HAI0XURppaTLu2pE/975475c2-d328-41b5-9fdb-3185f65d16ba.mp4
b27_baada852,06 LA GALERIA,vadea hacia el resplandor calido,https://d8j0ntlcm91z4.cloudfront.net/user_2vZruksM5o1HAI0XURppaTLu2pE/hf_20260804_191855_baada852-5cf8-4060-aa61-14028eafc845.mp4
b28_BR5,07 EL MERCADO,PUENTE KLING: empuja la puerta luminosa y REVIENTA en el mercado,https://d2ol7oe51mr4n9.cloudfront.net/user_2vZruksM5o1HAI0XURppaTLu2pE/7949db86-b858-48d6-8505-217f3a384327.mp4
b29_aeabbd96,07 EL MERCADO,REVELACION: el mercado medio hundido,https://d8j0ntlcm91z4.cloudfront.net/user_2vZruksM5o1HAI0XURppaTLu2pE/hf_20260804_192447_aeabbd96-74b3-47e2-9b67-0835a759de83.mp4
b30_f0403718,07 EL MERCADO,registra el mostrador,https://d8j0ntlcm91z4.cloudfront.net/user_2vZruksM5o1HAI0XURppaTLu2pE/hf_20260804_180305_f0403718-6de2-429b-8d1f-db03d47ff7f6.mp4
b31_a803ef8a,07 EL MERCADO,el puesto de semillas,https://d8j0ntlcm91z4.cloudfront.net/user_2vZruksM5o1HAI0XURppaTLu2pE/hf_20260804_183225_a803ef8a-acda-4739-b39b-e8f084f6166c.mp4
b32_f489255d,07 EL MERCADO,los cajones rotulados,https://d8j0ntlcm91z4.cloudfront.net/user_2vZruksM5o1HAI0XURppaTLu2pE/hf_20260804_181215_f489255d-75a7-4fe0-a820-347127d60b78.mp4
b33_af08a61c,07 EL MERCADO,LA FOTO y la carrera hacia la luz,https://d8j0ntlcm91z4.cloudfront.net/user_2vZruksM5o1HAI0XURppaTLu2pE/hf_20260804_184118_af08a61c-9664-431c-85b5-a695d579a29a.mp4
b34_BR6,08 LA SUBIDA,PUENTE KLING: sale por la cancela al lago del atardecer,https://d2ol7oe51mr4n9.cloudfront.net/user_2vZruksM5o1HAI0XURppaTLu2pE/a7481ac2-408f-488b-a17b-ab753d88f31f.mp4
b35_2108bf63,08 LA SUBIDA,sale al atardecer dorado,https://d8j0ntlcm91z4.cloudfront.net/user_2vZruksM5o1HAI0XURppaTLu2pE/hf_20260804_191152_2108bf63-6097-463c-8b15-6230121444d9.mp4
b36_6a813cbe,08 LA SUBIDA,la familia de la balsa y el barril ardiendo,https://d8j0ntlcm91z4.cloudfront.net/user_2vZruksM5o1HAI0XURppaTLu2pE/hf_20260804_194031_6a813cbe-6a2f-4e80-b9ac-8977fcc9138c.mp4
b37_5ebedbc9,08 LA SUBIDA,la avenida de pantallas entre el humo,https://d8j0ntlcm91z4.cloudfront.net/user_2vZruksM5o1HAI0XURppaTLu2pE/hf_20260802_235951_5ebedbc9-fb9c-44b3-bc95-13e3142f9b51.mp4
b38_e845fbf7,08 LA SUBIDA,corre calle arriba de noche,https://d8j0ntlcm91z4.cloudfront.net/user_2vZruksM5o1HAI0XURppaTLu2pE/hf_20260804_182056_e845fbf7-4e7b-4a02-8e33-28c02534861c.mp4
b39_d79a56af,08 LA SUBIDA,la escalera de incendios: el descenso se invierte,https://d8j0ntlcm91z4.cloudfront.net/user_2vZruksM5o1HAI0XURppaTLu2pE/hf_20260810_162245_d79a56af-9447-426f-b766-f0dbbdb530a6.mp4
b40_BR7,08 LA SUBIDA,PUENTE KLING: los ultimos peldanos y se iza al tejado,https://d2ol7oe51mr4n9.cloudfront.net/user_2vZruksM5o1HAI0XURppaTLu2pE/33624e0e-b73f-474b-8d0e-e437c2ae739d.mp4
b41_b0d9e7ec,08 LA SUBIDA,se iza a la azotea en hora azul,https://d8j0ntlcm91z4.cloudfront.net/user_2vZruksM5o1HAI0XURppaTLu2pE/hf_20260804_185720_b0d9e7ec-5135-4bc7-8b0c-29390556a0b4.mp4
b42_e5fdedc3,09 LA CARRERA,corre riendo entre siluetas a contraluz,https://d8j0ntlcm91z4.cloudfront.net/user_2vZruksM5o1HAI0XURppaTLu2pE/hf_20260804_215040_e5fdedc3-96e9-48af-9886-b432d14f6a76.mp4
b43_ecca5e24,09 LA CARRERA,esprinta por los tejados con hogueras,https://d8j0ntlcm91z4.cloudfront.net/user_2vZruksM5o1HAI0XURppaTLu2pE/hf_20260804_194211_ecca5e24-cf2a-489a-b842-025aa5e39998.mp4
b44_55f714c0,09 LA CARRERA,EL SALTO entre azoteas,https://d8j0ntlcm91z4.cloudfront.net/user_2vZruksM5o1HAI0XURppaTLu2pE/hf_20260804_191207_55f714c0-ed3f-4008-a846-baaff909ebfc.mp4
b45_36b72d49,09 LA CARRERA,aterriza y mira a camara,https://d8j0ntlcm91z4.cloudfront.net/user_2vZruksM5o1HAI0XURppaTLu2pE/hf_20260804_191907_36b72d49-6e7f-41f5-a110-44019cd4e682.mp4
b46_BR8,10 LA SEMILLA,PUENTE KLING: camina entre las sabanas y la tela traga el encuadre,https://d2ol7oe51mr4n9.cloudfront.net/user_2vZruksM5o1HAI0XURppaTLu2pE/c83a3e97-040e-41dd-9c2e-b42178a5461e.mp4
b47_f258d7e3,10 LA SEMILLA,las sabanas blancas al contraluz,https://d8j0ntlcm91z4.cloudfront.net/user_2vZruksM5o1HAI0XURppaTLu2pE/hf_20260804_213923_f258d7e3-d364-4036-874b-d625717bb801.mp4
b48_fec19708,10 LA SEMILLA,ojos cerrados entre los escombros,https://d8j0ntlcm91z4.cloudfront.net/user_2vZruksM5o1HAI0XURppaTLu2pE/hf_20260803_002014_fec19708-6129-4002-af53-092987a35a54.mp4
b49_d0b302a7,10 LA SEMILLA,el tocon quemado; la semilla como brasa en las manos,https://d8j0ntlcm91z4.cloudfront.net/user_2vZruksM5o1HAI0XURppaTLu2pE/hf_20260802_161327_d0b302a7-72ec-4fca-9013-165f519c6dae.mp4
b50_21a744c9,10 LA SEMILLA,la entierra en la grieta del asfalto y BROTAN,https://d8j0ntlcm91z4.cloudfront.net/user_2vZruksM5o1HAI0XURppaTLu2pE/hf_20260802_161352_21a744c9-55c0-478f-ad94-7b4a3f029ab0.mp4
b51_d5993ad2,10 LA SEMILLA,macro: la gota sobre el brote,https://d8j0ntlcm91z4.cloudfront.net/user_2vZruksM5o1HAI0XURppaTLu2pE/hf_20260803_000453_d5993ad2-3b88-466e-b7bf-27253ee209aa.mp4
b52_5a3714cb,11 CLIMAX,CLIMAX: la multitud la alza entre luces,https://d8j0ntlcm91z4.cloudfront.net/user_2vZruksM5o1HAI0XURppaTLu2pE/hf_20260802_210533_5a3714cb-9a8a-4b58-ba3f-492a1084d8d7.mp4
b53_c5065398,11 CLIMAX,LIPSYNC: canta al microfono en el parlamento inundado,https://d8j0ntlcm91z4.cloudfront.net/user_2vZruksM5o1HAI0XURppaTLu2pE/hf_20260803_000452_c5065398-76a8-4610-8c5b-ece90f474c43.mp4
b54_5a629c80,11 CLIMAX,LIPSYNC: su cara entre la multitud al sol,https://d8j0ntlcm91z4.cloudfront.net/user_2vZruksM5o1HAI0XURppaTLu2pE/hf_20260803_001256_5a629c80-59c9-4e10-8252-981ecca9e4f8.mp4
b56_87e8fb18,12 AMANECER,EL SOL ROMPE sobre la ciudad ahogada,https://d8j0ntlcm91z4.cloudfront.net/user_2vZruksM5o1HAI0XURppaTLu2pE/hf_20260804_203651_87e8fb18-7f96-4ab4-bfa3-8ccb90ee636f.mp4
b57_13a84437,12 AMANECER,FINAL: canta a camara en la azotea,https://d8j0ntlcm91z4.cloudfront.net/user_2vZruksM5o1HAI0XURppaTLu2pE/hf_20260804_140332_13a84437-fe9a-4faf-b870-9fdb6d4e9abb.mp4
b58_KLING_laboratorio,00 ACTO ORBE,KLING: laboratorio; la palma en la membrana; la absorcion,https://d2ol7oe51mr4n9.cloudfront.net/user_2vZruksM5o1HAI0XURppaTLu2pE/bcc9c0ad-cad3-454b-a489-ba40a9f6f71d.mp4
b59_218c8fc3,00 ACTO ORBE,dentro del orbe; luz liquida aguamarina,https://d8j0ntlcm91z4.cloudfront.net/user_2vZruksM5o1HAI0XURppaTLu2pE/hf_20260804_180911_218c8fc3-f7a8-405b-acf2-1e2ac1184b36.mp4
b60_14221ff8,00 ACTO ORBE,tunel liquido; persigue su silueta,https://d8j0ntlcm91z4.cloudfront.net/user_2vZruksM5o1HAI0XURppaTLu2pE/hf_20260804_191055_14221ff8-c949-4863-97bc-45026e233ece.mp4
b61_FPV_granvia,KEY,FPV Gran Via inundada pantalon largo,https://d2ol7oe51mr4n9.cloudfront.net/user_2vZruksM5o1HAI0XURppaTLu2pE/f4bd91bb-c795-4170-a911-11281bd888dd.mp4
b62_interior_coche_noche,KEY,interior coche de noche; punetazos al parabrisas rajado,https://d2ol7oe51mr4n9.cloudfront.net/user_2vZruksM5o1HAI0XURppaTLu2pE/e50d3d47-6c71-4708-abd6-841e1e164a6c.mp4
b63_LUCHA_toma2,KEY,LUCHA toma 2 la buena; muro blanco letras grandes,https://d8j0ntlcm91z4.cloudfront.net/user_2vZruksM5o1HAI0XURppaTLu2pE/hf_20260824_192657_4aa4a806-44f2-4876-9f28-c598ce3c778e.mp4
b64_oneshot_coche,KEY,oneshot del coche,https://d2ol7oe51mr4n9.cloudfront.net/user_2vZruksM5o1HAI0XURppaTLu2pE/f229d278-f184-4e44-8b82-84a97fcdb6ee.mp4
b65_conector_caida_aerea,KEY,aereo sobre Madrid inundado; ella cae en picado,https://d2ol7oe51mr4n9.cloudfront.net/user_2vZruksM5o1HAI0XURppaTLu2pE/4b77343f-1851-4bdc-81c6-55dd4afa9db5.mp4
b66_semilla_invernadero,KEY,Ali gatea en invernadero en llamas y recoge la semilla,https://d2ol7oe51mr4n9.cloudfront.net/user_2vZruksM5o1HAI0XURppaTLu2pE/bad7b7cb-798b-4780-a768-f7083d67619f.mp4
b67_muro_repintado,KEY,muro SE ACABO repintado sin la S suelta,https://d2ol7oe51mr4n9.cloudfront.net/user_2vZruksM5o1HAI0XURppaTLu2pE/5100d741-ee96-44c0-abb5-7c76c461ba33.mp4
b68_prologo_B_lucha,KEY,prologo B con LUCHA,https://d2ol7oe51mr4n9.cloudfront.net/user_2vZruksM5o1HAI0XURppaTLu2pE/68cdc027-1f58-4b0a-b84a-4f9e14e8f417.mp4
b69_faceswap_abuelo,KEY,faceswap abuelo a ALIZZA,https://d2ol7oe51mr4n9.cloudfront.net/user_2vZruksM5o1HAI0XURppaTLu2pE/687593b4-48c8-460a-a6ec-fa8e4ca4feb8.mp4
b70_corte_114_fix,MASTER,corte 1:14 1080p corregido,https://d2ol7oe51mr4n9.cloudfront.net/user_2vZruksM5o1HAI0XURppaTLu2pE/a9ee0fd4-6c73-42fd-a11d-0ab52efa51cc.mp4
g0922_ccdb9ef1,GEN seedance_2_0,WARDROBE; exact: a plain fitted white short-sleeve t-shirt and LONG SEMI-WIDE BEIGE TROUSERS; loose through the leg and full length. A fine ,https://d8j0ntlcm91z4.cloudfront.net/user_2vZruksM5o1HAI0XURppaTLu2pE/hf_20260922_182939_ccdb9ef1-b395-4db1-b86c-39318766c460.mp4
g0922_f5683131,GEN seedance_2_5,<<<image_1>>> — the woman in the reference ( <<<20d55d3b-5b77-4446-9f43-6b50a9488c0f>>> ) in the car while is raining trash Camera Settings:,https://d8j0ntlcm91z4.cloudfront.net/user_2vZruksM5o1HAI0XURppaTLu2pE/hf_20260922_182753_f5683131-c8f5-4c73-9342-96925cffd1ac.mp4
g0922_d755aa10,GEN seedance_2_5,<<<image_1>>> — the woman in the reference ( <<<20d55d3b-5b77-4446-9f43-6b50a9488c0f>>>  ) in the car while is raining trash Camera Settings,https://d8j0ntlcm91z4.cloudfront.net/user_2vZruksM5o1HAI0XURppaTLu2pE/hf_20260922_182323_d755aa10-e726-4c39-8dad-ff9ed0aa594e.mp4
g0917_d4a84654,GEN seedance_2_5,<<<222dcccb-05d5-4d79-ae6e-af5e1d9ca154>>>  SE ACABÓ — ALIZZA (<<<222dcccb-05d5-4d79-ae6e-af5e1d9ca154>>>; one take dynamic  secuence  30 se,https://d8j0ntlcm91z4.cloudfront.net/user_2vZruksM5o1HAI0XURppaTLu2pE/hf_20260917_170504_d4a84654-9a0d-4ebd-9ef0-6f6ad8f524da.mp4
g0917_df55df8a,GEN seedance_2_5,ONE CONTINUOUS PERFORMANCE / ONE-TAKE ILLUSION — EXACT DURATION OF THE PROVIDED AUDIO <<<audio_1>>> of beauty young woman <<<222dcccb-05d5-4,https://d8j0ntlcm91z4.cloudfront.net/user_2vZruksM5o1HAI0XURppaTLu2pE/hf_20260917_165212_df55df8a-c781-4fb8-8fd2-e2d6a8b532b8.mp4
g0917_ecb22a56,GEN seedance_2_5,ONE CONTINUOUS PERFORMANCE / ONE-TAKE ILLUSION of <<<222dcccb-05d5-4d79-ae6e-af5e1d9ca154>>> — EXACT DURATION OF THE PROVIDED AUDIO APPROX. ,https://d8j0ntlcm91z4.cloudfront.net/user_2vZruksM5o1HAI0XURppaTLu2pE/hf_20260917_163651_ecb22a56-5afe-4781-b850-795280ca2fc4.mp4
g0917_2e774892,GEN seedance_2_5,ONE CONTINUOUS PERFORMANCE / ONE-TAKE ILLUSION of <<<222dcccb-05d5-4d79-ae6e-af5e1d9ca154>>> — EXACT DURATION OF THE PROVIDED AUDIO <<<audio,https://d8j0ntlcm91z4.cloudfront.net/user_2vZruksM5o1HAI0XURppaTLu2pE/hf_20260917_162813_2e774892-2035-4dee-8fc5-9c5edbdb5e92.mp4
g0917_eb01123e,GEN seedance_2_5,<<<222dcccb-05d5-4d79-ae6e-af5e1d9ca154>>><<<cae8f89e-176a-43ef-be91-529410d2918b>>> (matricula ALIZZA EU)   30-SECOND CINEMATIC SEQUENCE — ,https://d8j0ntlcm91z4.cloudfront.net/user_2vZruksM5o1HAI0XURppaTLu2pE/hf_20260917_161549_eb01123e-832b-49cf-a381-ccfa3dd1fa6b.mp4
g0916_792b1116,GEN seedance_2_5,Voice of <<<7f28cd9a-24a5-416c-92e9-35fa1c2197d9>>>: <<<audio_1>>>   01 La entrada a Madrid ​Referencia: <<<image_7>>> <<<image_2>>> Audio (,https://d8j0ntlcm91z4.cloudfront.net/user_2vZruksM5o1HAI0XURppaTLu2pE/hf_20260916_174457_792b1116-7265-475d-a80d-b43fe6d40956.mp4
g0916_cbd151ff,GEN seedance_2_5,Voice of @: <<<audio_1>>>   03 El barrio; alquileres y bus Medium-wide cinematic; 9:16; low angle. THE CHARACTER: Centaur. Human upper body ,https://d8j0ntlcm91z4.cloudfront.net/user_2vZruksM5o1HAI0XURppaTLu2pE/hf_20260916_173148_cbd151ff-cafb-4b91-8f2f-aef14e67f0b0.mp4
g0916_9b1f709b,GEN seedance_2_5,01 El castillo; el campo Wide cinematic shot; 9:16. THE CHARACTER: Centaur. Human upper body identical to reference photo (long blonde hair;,https://d8j0ntlcm91z4.cloudfront.net/user_2vZruksM5o1HAI0XURppaTLu2pE/hf_20260916_171715_9b1f709b-254a-4f24-be9f-90a751945b90.mp4
g0916_5cf834b4,GEN seedance_2_5,01 El castillo; el campo Wide cinematic shot; 9:16. THE CHARACTER: Centaur. Human upper body identical to reference photo (long blonde hair;,https://d8j0ntlcm91z4.cloudfront.net/user_2vZruksM5o1HAI0XURppaTLu2pE/hf_20260916_171648_5cf834b4-2e57-47ff-b7ff-4c20208ee0ef.mp4
g0916_7d8a47f7,GEN seedance_2_5,Voice of @cab<<<7f28cd9a-24a5-416c-92e9-35fa1c2197d9>>>: <<<audio_1>>>  01 El castillo; el campo Wide cinematic shot. THE CHARACTER: Centaur,https://d8j0ntlcm91z4.cloudfront.net/user_2vZruksM5o1HAI0XURppaTLu2pE/hf_20260916_171522_7d8a47f7-f168-463b-a90e-cb83340aa1db.mp4
g0916_e7c607a1,GEN seedance_2_5,Aquí tienes la batería completa de prompts para los planos restantes (03 al 06); adaptados al formato vertical y con el refuerzo técnico par,https://d8j0ntlcm91z4.cloudfront.net/user_2vZruksM5o1HAI0XURppaTLu2pE/hf_20260916_171025_e7c607a1-d912-4c9f-be20-b6b59df9c76f.mp4
g0916_75abb87e,GEN seedance_2_5,01 El castillo; el campo Wide cinematic shot; 9:16. THE CHARACTER: Centaur. Human upper body identical to reference photo (long blonde hair;,https://d8j0ntlcm91z4.cloudfront.net/user_2vZruksM5o1HAI0XURppaTLu2pE/hf_20260916_170027_75abb87e-64ca-4a9f-966a-4538ea1e1073.mp4
g0916_27dde4ab,GEN seedance_2_5,Aquí tienes la batería completa de prompts para los planos restantes (03 al 06); adaptados al formato vertical y con el refuerzo técnico par,https://d8j0ntlcm91z4.cloudfront.net/user_2vZruksM5o1HAI0XURppaTLu2pE/hf_20260916_164728_27dde4ab-6dd8-4452-bbfa-74bdeb193546.mp4
g0912_db330db0,GEN seedance_2_5,ONE CONTINUOUS HANDHELD DOCUMENTARY SHOT; 10 seconds; no cuts. The same girl the whole time: <<<222dcccb-05d5-4d79-ae6e-af5e1d9ca154>>> — da,https://d8j0ntlcm91z4.cloudfront.net/user_2vZruksM5o1HAI0XURppaTLu2pE/hf_20260912_180025_db330db0-c486-4be8-96ba-0f01a5768946.mp4
g0912_570224eb,GEN seedance_2_5,ONE CONTINUOUS HANDHELD DOCUMENTARY SHOT; 10 seconds; no cuts. The same girl the whole time: <<<222dcccb-05d5-4d79-ae6e-af5e1d9ca154>>> — da,https://d8j0ntlcm91z4.cloudfront.net/user_2vZruksM5o1HAI0XURppaTLu2pE/hf_20260912_175836_570224eb-996d-45fd-aa28-c8dcdf1210f8.mp4
g0908_33d348f7,GEN seedance_2_5,Create a 15-second ultra-dynamic title sequence for a contemporary Spanish progressive political show called “EL PENDULAZO”; hosted by “INÉS,https://d8j0ntlcm91z4.cloudfront.net/user_2vZruksM5o1HAI0XURppaTLu2pE/hf_20260908_141048_33d348f7-7713-4422-b283-1e141919ebed.mp4
g0908_7e980cad,GEN seedance_2_5,Create a 15-second ultra-dynamic title sequence for a contemporary Spanish progressive political show called “EL PENDULAZO”; hosted by “INÉS,https://d8j0ntlcm91z4.cloudfront.net/user_2vZruksM5o1HAI0XURppaTLu2pE/hf_20260908_132031_7e980cad-ac72-4b4e-8bbd-fdc9a1367243.mp4
g0908_71dacb56,GEN seedance_2_5,OPENING PROMPT — EL PENDULAZO  Create a 12–15 second hyper-dynamic opening for EL PENDULAZO; a progressive Spanish current-affairs and polit,https://d8j0ntlcm91z4.cloudfront.net/user_2vZruksM5o1HAI0XURppaTLu2pE/hf_20260908_131932_71dacb56-1deb-45dd-addf-cb7c5801708e.mp4
g0908_2f5acfdc,GEN seedance_2_5,Risograph-print title sequence; hyper-kinetic; 24 fps; 16:9. PALETTE (strict; four colours only): acid yellow #FFE500; dead black #0B0C0F; s,https://d8j0ntlcm91z4.cloudfront.net/user_2vZruksM5o1HAI0XURppaTLu2pE/hf_20260908_125537_2f5acfdc-1eb3-4937-9407-8d611847bafe.mp4
g0908_e50a1def,GEN seedance_2_5,Risograph-print title sequence; hyper-kinetic; 24 fps; 16:9. PALETTE (strict; four colours only): acid yellow #FFE500; dead black #0B0C0F; s,https://d8j0ntlcm91z4.cloudfront.net/user_2vZruksM5o1HAI0XURppaTLu2pE/hf_20260908_125222_e50a1def-f150-40de-8e1c-f60ee7da4626.mp4
g0908_e3d223cf,GEN seedance_2_5,OPENING PROMPT — EL PENDULAZO  Create a 12–15 second hyper-dynamic opening for EL PENDULAZO; a progressive Spanish current-affairs and polit,https://d8j0ntlcm91z4.cloudfront.net/user_2vZruksM5o1HAI0XURppaTLu2pE/hf_20260908_124808_e3d223cf-7c47-47f6-aeb5-8575f81e34ed.mp4
g0905_a88e3aa8,GEN seedance_2_5,ONE CONTINUOUS HANDHELD DOCUMENTARY SHOT; no cuts; no dissolves; no flash frames. Start exactly on the first frame: the young woman with lon,https://d8j0ntlcm91z4.cloudfront.net/user_2vZruksM5o1HAI0XURppaTLu2pE/hf_20260905_203723_a88e3aa8-8ce9-4b4b-b771-55e27698ab65.mp4
g0905_44c8eda9,GEN seedance_2_5,ONE CONTINUOUS HANDHELD DOCUMENTARY SHOT; no cuts; no dissolves; no flash frames. Start exactly on the first frame: the young woman with dar,https://d8j0ntlcm91z4.cloudfront.net/user_2vZruksM5o1HAI0XURppaTLu2pE/hf_20260905_193537_44c8eda9-8517-4945-a82b-b26c5c7cb5f7.mp4
g0905_e46d1e94,GEN seedance_2_5,Continue this shot as ONE CONTINUOUS HANDHELD TAKE; NO CUTS; NO fade; NO flash frames. Same overcast flat daylight; same muted Kodak Vision3,https://d8j0ntlcm91z4.cloudfront.net/user_2vZruksM5o1HAI0XURppaTLu2pE/hf_20260905_192838_e46d1e94-bfcb-4138-bc0b-9807d7391126.mp4
g0905_83cbab8f,GEN seedance_2_5,Edit this video with ONE change only: the young woman flying/falling through the air above the flooded Madrid street is wearing light-brown ,https://d8j0ntlcm91z4.cloudfront.net/user_2vZruksM5o1HAI0XURppaTLu2pE/hf_20260905_173947_83cbab8f-2bba-4945-917f-1eb767e602f7.mp4
g0905_fe5c73f9,GEN seedance_2_5,ONE CONTINUOUS HANDHELD DOCUMENTARY SHOT; no cuts; no dissolves; no flash frames. Start exactly on the first frame: the young woman with dar,https://d8j0ntlcm91z4.cloudfront.net/user_2vZruksM5o1HAI0XURppaTLu2pE/hf_20260905_173928_fe5c73f9-a673-432e-ab84-e7c070024630.mp4
g0905_09e0823a,GEN hf_mult_replace_object,Replace only the character's trousers: swap her dark grey wet trousers for the light brown high-waisted khaki trousers from the reference im,https://d8j0ntlcm91z4.cloudfront.net/user_2vZruksM5o1HAI0XURppaTLu2pE/hf_20260905_153638_09e0823a-9076-4f03-a195-d032b45925d7.mp4
g0903_7f4e7b58,GEN seedance_2_5,Single continuous shot; no cuts. The camera is locked off; completely static and motionless: wide shot of a dirty old white Fiat Panda cover,https://d8j0ntlcm91z4.cloudfront.net/user_2vZruksM5o1HAI0XURppaTLu2pE/hf_20260903_163753_7f4e7b58-5668-41ce-9c93-32addae716fa.mp4
g0903_cafb3561,GEN seedance_2_5,Continue this exact shot seamlessly with no cut. The camera is locked off on a tripod; completely static: wide shot of the dirty white Fiat ,https://d8j0ntlcm91z4.cloudfront.net/user_2vZruksM5o1HAI0XURppaTLu2pE/hf_20260903_153920_cafb3561-0b00-4af8-973a-ed5ece65a8d5.mp4
g0903_f211f47a,GEN seedance_2_5,Single continuous shot; no cuts. The camera is locked off on a tripod; completely static and motionless for the first 4 seconds: a wide shot,https://d8j0ntlcm91z4.cloudfront.net/user_2vZruksM5o1HAI0XURppaTLu2pE/hf_20260903_151905_f211f47a-92ac-482b-8540-890c2a2e29a6.mp4
g0903_2aa765db,GEN kling3_0,Single continuous shot; no cuts. The camera is locked off on a tripod; completely static and motionless for the first 4 seconds: a wide shot,https://d8j0ntlcm91z4.cloudfront.net/user_2vZruksM5o1HAI0XURppaTLu2pE/hf_20260903_151904_2aa765db-5b6a-4d7b-9496-1ab9deb6434c.mp4
g0903_2be058d1,GEN seedance_2_5,Continuous single take; one uninterrupted shot; no cuts. The camera keeps pulling straight back and slightly upward from the windshield of a,https://d8j0ntlcm91z4.cloudfront.net/user_2vZruksM5o1HAI0XURppaTLu2pE/hf_20260903_150459_2be058d1-32f0-4ebc-b6bc-f94303b4cb87.mp4
g0903_93c90070,GEN kling3_0,Continuous single take; one uninterrupted shot; no cuts. The camera keeps pulling straight back and slightly upward from the windshield of a,https://d8j0ntlcm91z4.cloudfront.net/user_2vZruksM5o1HAI0XURppaTLu2pE/hf_20260903_150459_93c90070-395f-439b-ae18-2c0e4b07f106.mp4
g0902_840fa9f4,GEN hf_mult_motion_control,TASK Edit <<<video_1>>>. Replace the lone runner with  <<<aa649175-c5eb-47c4-8e97-eb5722522151>>>; using his complete face; skin tone; facia,https://d8j0ntlcm91z4.cloudfront.net/user_2vZruksM5o1HAI0XURppaTLu2pE/hf_20260902_155317_840fa9f4-0250-48fc-b976-8c6dbc25032a.mp4
g0902_1ea0fc4f,GEN hf_mult_replace_object,Replace ONLY the current woman with <<<aa649175-c5eb-47c4-8e97-eb5722522151>>> (<<<image_3>>>); the same beautiful 22-year-old young woman f,https://d8j0ntlcm91z4.cloudfront.net/user_2vZruksM5o1HAI0XURppaTLu2pE/hf_20260902_130109_1ea0fc4f-3e80-407f-a698-90f6af7b8b4e.mp4
g0902_ac567b93,GEN hf_mult_replace_object,Replace ONLY the current woman with <<<aa649175-c5eb-47c4-8e97-eb5722522151>>> (<<<image_3>>>); the same beautiful 22-year-old young woman f,https://d8j0ntlcm91z4.cloudfront.net/user_2vZruksM5o1HAI0XURppaTLu2pE/hf_20260902_110223_ac567b93-31da-40df-b4a2-99c301e4726e.mp4
g0831_2985b5c6,GEN cinematic_studio_video_4_0,"OPENING SEQUENCE OF “SE ACABÓ” — ALIZZA. start with @image_4
 30-SECOND HIGH-ENERGY CINEMATIC MUSIC-VIDEO INTRO.
 
 USE THE PROVIDED REFEREN",https://d8j0ntlcm91z4.cloudfront.net/user_2vZruksM5o1HAI0XURppaTLu2pE/hf_20260831_165703_2985b5c6-8e75-4f99-b774-1d6ebd583b94.mp4
g0831_806bea0b,GEN cinematic_studio_video_4_0,"OPENING SEQUENCE OF “SE ACABÓ” — ALIZZA. start with @image_4
 30-SECOND HIGH-ENERGY CINEMATIC MUSIC-VIDEO INTRO.
 
 USE THE PROVIDED REFEREN",https://d8j0ntlcm91z4.cloudfront.net/user_2vZruksM5o1HAI0XURppaTLu2pE/hf_20260831_165503_806bea0b-ba0c-477a-ae21-3518f3e421af.mp4
g0831_44983ad6,GEN cinematic_studio_video_4_0,"OPENING SEQUENCE OF “SE ACABÓ” — ALIZZA. start with @image_4
 30-SECOND HIGH-ENERGY CINEMATIC MUSIC-VIDEO INTRO.
 
 USE THE PROVIDED REFEREN",https://d8j0ntlcm91z4.cloudfront.net/user_2vZruksM5o1HAI0XURppaTLu2pE/hf_20260831_165432_44983ad6-ab1a-495e-85a0-2b28341fec8b.mp4
g0831_5cabbace,GEN cinematic_studio_video_4_0,"OPENING SEQUENCE OF “SE ACABÓ” — ALIZZA.
 30-SECOND HIGH-ENERGY CINEMATIC MUSIC-VIDEO INTRO.
 
 USE THE PROVIDED REFERENCES AS STRICT VISUAL",https://d8j0ntlcm91z4.cloudfront.net/user_2vZruksM5o1HAI0XURppaTLu2pE/hf_20260831_165227_5cabbace-0795-434c-adc0-24bacb9bf1f9.mp4
g0831_142dff77,GEN cinematic_studio_video_4_0,"OPENING SEQUENCE OF “SE ACABÓ” — ALIZZA.
 30-SECOND HIGH-ENERGY CINEMATIC MUSIC-VIDEO INTRO.
 
 USE THE PROVIDED REFERENCES AS STRICT VISUAL",https://d8j0ntlcm91z4.cloudfront.net/user_2vZruksM5o1HAI0XURppaTLu2pE/hf_20260831_165209_142dff77-e431-4949-9c37-0d8935e691f5.mp4
g0831_a6b6e25a,GEN cinematic_studio_video_4_0,"  @aliiiiii @COCHEALIZZA <<<movement:eb7689cc-b9ab-4268-95bf-cd23e3bdbe69>>>  OPENING SEQUENCE OF “SE ACABÓ” — ALIZZA.
 
 USE ALL PROVIDED R",https://d8j0ntlcm91z4.cloudfront.net/user_2vZruksM5o1HAI0XURppaTLu2pE/hf_20260831_164731_a6b6e25a-d3e7-4afb-89d7-d62360feef76.mp4
g0831_2728f6c8,GEN cinematic_studio_video_4_0,coge todos losmplanos aprobados y montalos https://higgsfield.ai/s/zlvAgau63-w <<<c1135250-76bd-41a0-a062-4256b8398d4f>>> <<<aa649175-c5eb-4,https://d8j0ntlcm91z4.cloudfront.net/user_2vZruksM5o1HAI0XURppaTLu2pE/hf_20260831_160524_2728f6c8-55aa-4183-a0d1-6e6d69b5f8a0.mp4
g0831_9eaf882e,GEN cinematic_studio_video_4_0,coge todos losmplanos aprobados y montalos https://higgsfield.ai/s/zlvAgau63-w <<<c1135250-76bd-41a0-a062-4256b8398d4f>>> <<<aa649175-c5eb-4,https://d8j0ntlcm91z4.cloudfront.net/user_2vZruksM5o1HAI0XURppaTLu2pE/hf_20260831_160524_9eaf882e-b25e-47c6-bb61-2d1ebb6a8833.mp4
g0831_fa8ae626,GEN cinematic_studio_video_4_0,coge todos losmplanos aprobados y montalos https://higgsfield.ai/s/zlvAgau63-w <<<c1135250-76bd-41a0-a062-4256b8398d4f>>> <<<aa649175-c5eb-4,https://d8j0ntlcm91z4.cloudfront.net/user_2vZruksM5o1HAI0XURppaTLu2pE/hf_20260831_160524_fa8ae626-eece-4308-8833-906d6df5b2e3.mp4
g0831_62635a0e,GEN seedance_2_5,ONE CONTINUOUS TAKE; NO CUTS; NO transition tricks. The camera NEVER stops moving. A tiny glowing seed — warm gold flashing into fulgurant e,https://d8j0ntlcm91z4.cloudfront.net/user_2vZruksM5o1HAI0XURppaTLu2pE/hf_20260831_154943_62635a0e-52c9-41b6-9688-da9860b1ce3e.mp4
g0831_95159dd2,GEN seedance_2_0,15s TRUE ONE-TAKE; one continuous handheld documentary camera; absolutely no edits. 0–3s: start exactly on the selected wide graffiti-and-ca,https://d8j0ntlcm91z4.cloudfront.net/user_2vZruksM5o1HAI0XURppaTLu2pE/hf_20260831_113558_95159dd2-3825-42c0-bd96-2dc84604cec7.mp4
g0830_89d091b6,GEN seedance_2_5,Edit this video with ONE change only: the young woman with dark curly hair walking near the white car is wearing DARK trousers — replace the,https://d8j0ntlcm91z4.cloudfront.net/user_2vZruksM5o1HAI0XURppaTLu2pE/hf_20260830_223551_89d091b6-22ae-4b8a-a97e-3482824fff36.mp4
g0830_8695677e,GEN seedance_2_5,Continue this shot as ONE CONTINUOUS TAKE; NO CUTS; NO fade to black. Same overcast daytime light; pale grey sky; muted desaturated Kodak pa,https://d8j0ntlcm91z4.cloudfront.net/user_2vZruksM5o1HAI0XURppaTLu2pE/hf_20260830_191623_8695677e-abbc-4d16-a165-537dc036e453.mp4
g0830_2aaa7da5,GEN seedance_2_5,Edit this video with ONE change only: RELIGHT the entire scene from night to OVERCAST DAYTIME. Through the car windows and windshield we now,https://d8j0ntlcm91z4.cloudfront.net/user_2vZruksM5o1HAI0XURppaTLu2pE/hf_20260830_190209_2aaa7da5-faad-438d-8eb8-33665dd782e8.mp4
g0830_ea686a2f,GEN seedance_unlimited,One continuous camera move; no cuts; a true unbroken shot. <<<aa649175-c5eb-47c4-8e97-eb5722522151>>>(young woman; dark curly hair; white t-,https://d8j0ntlcm91z4.cloudfront.net/user_2vZruksM5o1HAI0XURppaTLu2pE/hf_20260830_183150_ea686a2f-917b-4a05-9e22-7ca338e66dd8.mp4
g0830_d30713e0,GEN seedance_2_0,Plano secuencia continuo; cámara en mano documental con movimiento vivo. @Image1 es ALIZZA (pelo rizado oscuro; septum plateado; camiseta bl,https://d8j0ntlcm91z4.cloudfront.net/user_2vZruksM5o1HAI0XURppaTLu2pE/hf_20260830_171742_d30713e0-e9fa-4392-91e9-3504f42a91cf.mp4
g0830_0ed53364,GEN seedance_2_0,Plano secuencia continuo; cámara en mano documental agresiva con paneos bruscos. @Image1 es ALIZZA (pelo rizado oscuro; septum plateado; cam,https://d8j0ntlcm91z4.cloudfront.net/user_2vZruksM5o1HAI0XURppaTLu2pE/hf_20260830_171706_0ed53364-0478-4046-816e-22bf19f08951.mp4
g0830_bdc37c2c,GEN seedance_unlimited,15s TRUE ONE-TAKE; one continuous handheld documentary camera; absolutely no edits. 0–3s: start exactly on the selected wide graffiti-and-ca,https://d8j0ntlcm91z4.cloudfront.net/user_2vZruksM5o1HAI0XURppaTLu2pE/hf_20260830_165515_bdc37c2c-63b3-4b45-91d4-32fc108d52fa.mp4
g0830_27c62c03,GEN seedance_unlimited,15s TRUE ONE-TAKE; one continuous handheld documentary camera; absolutely no edits. 0–3s: start exactly on the selected wide graffiti-and-ca,https://d8j0ntlcm91z4.cloudfront.net/user_2vZruksM5o1HAI0XURppaTLu2pE/hf_20260830_165137_27c62c03-fa52-4be5-b638-1255f69a3636.mp4
g0830_9242ab68,GEN seedance_unlimited,TRUE 15-SECOND UNBROKEN ONE-TAKE; no cuts and no transitions. Begin exactly on the selected START frame: the same small white 1980s European,https://d8j0ntlcm91z4.cloudfront.net/user_2vZruksM5o1HAI0XURppaTLu2pE/hf_20260830_141416_9242ab68-80db-4277-a45f-b8d183004860.mp4
g0830_c7451b3e,GEN seedance_unlimited,One continuous camera move; no cuts; a true unbroken shot. <<<aa649175-c5eb-47c4-8e97-eb5722522151>>>(young woman; dark curly hair; white t-,https://d8j0ntlcm91z4.cloudfront.net/user_2vZruksM5o1HAI0XURppaTLu2pE/hf_20260830_140737_c7451b3e-2db2-46e7-9ef8-55c076dde512.mp4
g0830_9fd30922,GEN seedance_unlimited,One continuous camera move; no cuts; a true unbroken shot. <<<aa649175-c5eb-47c4-8e97-eb5722522151>>>(young woman; dark curly hair; white t-,https://d8j0ntlcm91z4.cloudfront.net/user_2vZruksM5o1HAI0XURppaTLu2pE/hf_20260830_140433_9fd30922-6d34-400c-a90a-7a8ea7953a43.mp4
g0830_252d93aa,GEN seedance_unlimited,One continuous camera move; no cuts; a true unbroken shot. <<<aa649175-c5eb-47c4-8e97-eb5722522151>>>(young woman; dark curly hair; white t-,https://d8j0ntlcm91z4.cloudfront.net/user_2vZruksM5o1HAI0XURppaTLu2pE/hf_20260830_135758_252d93aa-33ff-4f1b-a93f-145d3d49f831.mp4
g0830_a8193cca,GEN seedance_unlimited,One continuous camera move; no cuts; a true unbroken shot. <<<aa649175-c5eb-47c4-8e97-eb5722522151>>>(young woman; dark curly hair; white t-,https://d8j0ntlcm91z4.cloudfront.net/user_2vZruksM5o1HAI0XURppaTLu2pE/hf_20260830_134508_a8193cca-042f-46da-8a72-6018b015524a.mp4
g0830_5728d4dd,GEN seedance_unlimited,One continuous camera move; no cuts; a true unbroken shot. <<<aa649175-c5eb-47c4-8e97-eb5722522151>>>(young woman; dark curly hair; white t-,https://d8j0ntlcm91z4.cloudfront.net/user_2vZruksM5o1HAI0XURppaTLu2pE/hf_20260830_130112_5728d4dd-2e44-475c-b4d4-ec22b76efb34.mp4
g0830_f7b6a1b2,GEN seedance_unlimited,One continuous camera move; no cuts; a true unbroken shot. <<<aa649175-c5eb-47c4-8e97-eb5722522151>>>(young woman; dark curly hair; white t-,https://d8j0ntlcm91z4.cloudfront.net/user_2vZruksM5o1HAI0XURppaTLu2pE/hf_20260830_123903_f7b6a1b2-9974-4b3f-9a21-dbbac7e73510.mp4
g0830_c4875bff,GEN seedance_mini_unlimited,One continuous camera move; no cuts; a true unbroken shot. <<<aa649175-c5eb-47c4-8e97-eb5722522151>>>(young woman; dark curly hair; white t-,https://d8j0ntlcm91z4.cloudfront.net/user_2vZruksM5o1HAI0XURppaTLu2pE/hf_20260830_123317_c4875bff-dd01-4ae8-b3ab-abe912f7d0e1.mp4
g0830_7ddc85ba,GEN kling3_0,One continuous camera move; no cuts; a true unbroken shot.  <<<aa649175-c5eb-47c4-8e97-eb5722522151>>> (young woman; dark curly hair; white ,https://d8j0ntlcm91z4.cloudfront.net/user_2vZruksM5o1HAI0XURppaTLu2pE/hf_20260830_121916_7ddc85ba-40b2-40b7-988d-66ce08d4af8d.mp4
g0830_9030b911,GEN video_scene_edit,,https://d8j0ntlcm91z4.cloudfront.net/user_2vZruksM5o1HAI0XURppaTLu2pE/hf_20260830_121757_9030b911-98ff-4ccd-99f8-ceca89cf5371.mp4
g0830_6348fd9b,GEN seedance_2_5,One continuous camera move; no cuts; a true unbroken shot. <<<aa649175-c5eb-47c4-8e97-eb5722522151>>> (young woman; dark curly hair; white t,https://d8j0ntlcm91z4.cloudfront.net/user_2vZruksM5o1HAI0XURppaTLu2pE/hf_20260830_120841_6348fd9b-6710-453b-895d-98bb87af4df0.mp4
g0830_99c25d96,GEN seedance_2_0,One continuous camera move; no cuts; a true unbroken shot. <<<aa649175-c5eb-47c4-8e97-eb5722522151>>> (young woman; dark curly hair; white t,https://d8j0ntlcm91z4.cloudfront.net/user_2vZruksM5o1HAI0XURppaTLu2pE/hf_20260830_120015_99c25d96-8e89-437a-930a-e456599dbbb1.mp4
g0830_c66b2823,GEN seedance_2_0,One continuous camera move; no cuts; a true unbroken shot. <<<aa649175-c5eb-47c4-8e97-eb5722522151>>> (young woman; dark curly hair; white t,https://d8j0ntlcm91z4.cloudfront.net/user_2vZruksM5o1HAI0XURppaTLu2pE/hf_20260830_115858_c66b2823-d113-4930-a956-027955e0faca.mp4
g0830_721a2447,GEN kling3_0,One continuous camera move; no cuts; a true unbroken shot.  <<<aa649175-c5eb-47c4-8e97-eb5722522151>>> (young woman; dark curly hair; white ,https://d8j0ntlcm91z4.cloudfront.net/user_2vZruksM5o1HAI0XURppaTLu2pE/hf_20260830_113045_721a2447-31cd-475f-b922-efeb186629a8.mp4
g0829_16162428,GEN seedance_2_5,ONE CONTINUOUS HANDHELD DOCUMENTARY SHOT; no cuts. Extreme close-up of a hand gripping an old photograph of a house; the camera pulls back a,https://d8j0ntlcm91z4.cloudfront.net/user_2vZruksM5o1HAI0XURppaTLu2pE/hf_20260829_183311_16162428-ce55-4fec-afb0-48ddc189f95c.mp4
g0829_4b3f5465,GEN seedance_2_5,ONE CONTINUOUS HANDHELD DOCUMENTARY SHOT; no cuts. Inside a dark flooded stone arcade; the camera follows the young woman with dark curly ha,https://d8j0ntlcm91z4.cloudfront.net/user_2vZruksM5o1HAI0XURppaTLu2pE/hf_20260829_183257_4b3f5465-2d67-4c9b-8830-45802d548e1b.mp4
g0829_a7d93a01,GEN seedance_2_5,ONE CONTINUOUS HANDHELD DOCUMENTARY SHOT; no cuts. The young woman with dark curly hair; white cropped t-shirt and long light beige trousers,https://d8j0ntlcm91z4.cloudfront.net/user_2vZruksM5o1HAI0XURppaTLu2pE/hf_20260829_183242_a7d93a01-dad3-4e19-b18c-acf6aebb9859.mp4
g0829_8fb558f9,GEN kling3_0,<<<aa649175-c5eb-47c4-8e97-eb5722522151>>> corre y se sube al coche. Va a toda vemocidad,https://d8j0ntlcm91z4.cloudfront.net/user_2vZruksM5o1HAI0XURppaTLu2pE/hf_20260829_160002_8fb558f9-caef-4011-a6d7-c901869ee5e8.mp4
g0829_923fb9d5,GEN kling3_0,<<<aa649175-c5eb-47c4-8e97-eb5722522151>>> corre y se sube al coche. Va a toda vemocidad,https://d8j0ntlcm91z4.cloudfront.net/user_2vZruksM5o1HAI0XURppaTLu2pE/hf_20260829_143809_923fb9d5-cc57-481d-b33e-cc012f26e6af.mp4
g0828_594d038e,GEN seedance_2_0,CONTINUATION FROM THE PROVIDED START FRAME.  Use the first image as the exact opening composition and visual anchor. Use the character refer,https://d8j0ntlcm91z4.cloudfront.net/user_2vZruksM5o1HAI0XURppaTLu2pE/hf_20260828_220028_594d038e-da28-4a5a-89da-664f1edb21c5.mp4
g0828_4d6018ae,GEN seedance_2_0,CONTINUATION FROM THE PROVIDED START FRAME.  Use the first image as the exact opening composition and visual anchor. Use the character refer,https://d8j0ntlcm91z4.cloudfront.net/user_2vZruksM5o1HAI0XURppaTLu2pE/hf_20260828_212916_4d6018ae-9776-4eaf-ad17-a46572124c11.mp4
g0828_a246e711,GEN seedance_2_0,<<<aa649175-c5eb-47c4-8e97-eb5722522151>>> CONTINUATION FROM THE PROVIDED START FRAME.  Use the first image as the exact opening composition,https://d8j0ntlcm91z4.cloudfront.net/user_2vZruksM5o1HAI0XURppaTLu2pE/hf_20260828_212900_a246e711-95e0-4f8d-aa36-d601080b1e49.mp4
g0828_2084c36a,GEN seedance_2_5,One continuous camera move; no cuts; a true unbroken shot. Underwater in dark teal water; <<<aa649175-c5eb-47c4-8e97-eb5722522151>>> (young ,https://d8j0ntlcm91z4.cloudfront.net/user_2vZruksM5o1HAI0XURppaTLu2pE/hf_20260828_211659_2084c36a-28d8-4be3-a3d3-6001d0d10305.mp4
g0828_8d5d8c36,GEN seedance_2_5,One continuous camera move; no cuts; a true unbroken shot. Underwater in dark teal water; <<<aa649175-c5eb-47c4-8e97-eb5722522151>>> (young ,https://d8j0ntlcm91z4.cloudfront.net/user_2vZruksM5o1HAI0XURppaTLu2pE/hf_20260828_203629_8d5d8c36-9ce2-4045-ac9f-8db34db616f1.mp4
g0828_42fdcb51,GEN seedance_2_5,One continuous camera move; no cuts; a true unbroken shot. Underwater in dark teal water; <<<aa649175-c5eb-47c4-8e97-eb5722522151>>> (young ,https://d8j0ntlcm91z4.cloudfront.net/user_2vZruksM5o1HAI0XURppaTLu2pE/hf_20260828_203526_42fdcb51-79a1-4315-b24c-8465808773f2.mp4
g0828_2748801a,GEN seedance_2_5,"el título del graficiti es; en el muro; ""SE ACABÓ - ALIZZA y luego ""una peli de edu grey trash"". Corrige eso. Y asegura el estilo de las ima",https://d8j0ntlcm91z4.cloudfront.net/user_2vZruksM5o1HAI0XURppaTLu2pE/hf_20260828_160444_2748801a-a5f0-4f73-b391-85e5d16b9287.mp4
g0828_9227de08,GEN seedance_2_5,One continuous camera move; no cuts; a true unbroken shot. Underwater in dark teal water; <<<aa649175-c5eb-47c4-8e97-eb5722522151>>> (young ,https://d8j0ntlcm91z4.cloudfront.net/user_2vZruksM5o1HAI0XURppaTLu2pE/hf_20260828_145421_9227de08-8cbd-43a6-88cd-d236709c49e2.mp4
g0827_74238cdd,GEN seedance_2_0,Cámara en mano documental; 35mm anamorphic; Kodak Vision3 250D. CONTINÚA EXACTAMENTE desde el primer frame: plano aéreo celestial del oasis ,https://d8j0ntlcm91z4.cloudfront.net/user_2vZruksM5o1HAI0XURppaTLu2pE/hf_20260827_155920_74238cdd-8b86-4b89-a95c-2d5dfd1d5253.mp4
g0827_cabd6778,GEN seedance_2_0,Cámara en mano flotante; 35mm anamorphic; Kodak Vision3. CONTINÚA EXACTAMENTE desde el primer frame: blanco total de la absorción en el orbe,https://d8j0ntlcm91z4.cloudfront.net/user_2vZruksM5o1HAI0XURppaTLu2pE/hf_20260827_155920_cabd6778-c1f3-4e86-9b2f-6b5704dee553.mp4
g0827_9bb70ddf,GEN seedance_2_0,Cámara en mano documental; 35mm anamorphic; Kodak Vision3 500T. CONTINÚA EXACTAMENTE desde el primer frame: ALIZZA de espaldas corriendo ent,https://d8j0ntlcm91z4.cloudfront.net/user_2vZruksM5o1HAI0XURppaTLu2pE/hf_20260827_155920_9bb70ddf-1f66-4c1d-a450-9fd1a48ce065.mp4
g0827_afb2a866,GEN seedance_2_0,Cámara en mano documental; 35mm anamorphic; Kodak Vision3 500T nocturno. CONTINÚA EXACTAMENTE desde el primer frame: ALIZZA (pelo rizado osc,https://d8j0ntlcm91z4.cloudfront.net/user_2vZruksM5o1HAI0XURppaTLu2pE/hf_20260827_155920_afb2a866-b818-4d25-b005-4096bc6fac2d.mp4
g0827_73363c5e,GEN seedance_2_0,Cámara en mano documental; 35mm anamorphic; Kodak Vision3 250D. CONTINÚA EXACTAMENTE desde el primer frame: vista de una ciudad ardiendo tra,https://d8j0ntlcm91z4.cloudfront.net/user_2vZruksM5o1HAI0XURppaTLu2pE/hf_20260827_155920_73363c5e-5998-4763-802c-424e9319c574.mp4
g0827_af34a253,GEN seedance_2_0,Cámara en mano documental; 35mm anamorphic; Kodak Vision3 250D; grano orgánico. CONTINÚA EXACTAMENTE desde el primer frame: pantalla blanca ,https://d8j0ntlcm91z4.cloudfront.net/user_2vZruksM5o1HAI0XURppaTLu2pE/hf_20260827_155920_af34a253-23a9-4114-883e-24e02768669a.mp4
g0827_7bfb475e,GEN seedance_2_5,VIDEO ONE TAKE SHOT. Keep the entire video EXACTLY as it is: same shots; same camera motion; same timing; same woman; same car; same lightin,https://d8j0ntlcm91z4.cloudfront.net/user_2vZruksM5o1HAI0XURppaTLu2pE/hf_20260827_153018_7bfb475e-34e0-4915-8baa-4d333588396b.mp4
g0827_fb29e507,GEN seedance_2_5,Continue this shot as ONE CONTINUOUS TAKE; NO CUTS; NO fade to black. Same dark ruined interior; same pedestal; same warm top light; same yo,https://d8j0ntlcm91z4.cloudfront.net/user_2vZruksM5o1HAI0XURppaTLu2pE/hf_20260827_152447_fb29e507-dd36-4ba9-b4a3-3cead8f5226e.mp4
g0827_54413ac6,GEN seedance_2_5,Generate the moments BEFORE this shot as ONE CONTINUOUS TAKE that ends EXACTLY on the first frame of the reference video; NO CUTS; NO fade t,https://d8j0ntlcm91z4.cloudfront.net/user_2vZruksM5o1HAI0XURppaTLu2pE/hf_20260827_140716_54413ac6-5bae-41f2-81de-85ffc30f8eb4.mp4
g0827_52ceb07f,GEN seedance_2_5,Continue this shot as ONE CONTINUOUS TAKE; NO CUTS; NO fade to black. Same Kodak Vision3 250D palette; fine film grain; 35mm anamorphic; pho,https://d8j0ntlcm91z4.cloudfront.net/user_2vZruksM5o1HAI0XURppaTLu2pE/hf_20260827_140630_52ceb07f-b77e-49e5-b593-6d4348f0fa4b.mp4
g0827_65505a13,GEN seedance_2_5,Edit this video with ONE change only: the young woman falling through the air is wearing light-brown SHORTS — replace them with LONG light-b,https://d8j0ntlcm91z4.cloudfront.net/user_2vZruksM5o1HAI0XURppaTLu2pE/hf_20260827_134431_65505a13-7853-4d1f-ba53-7a7e7305d2fc.mp4
g0827_b2c98cda,GEN seedance_2_0,CONTINUOUS DOCUMENTARY LONG TAKE continuing EXACTLY WITH THE SAME FACE OF YOUNG BEATY <<<aa649175-c5eb-47c4-8e97-eb5722522151>>> with her be,https://d8j0ntlcm91z4.cloudfront.net/user_2vZruksM5o1HAI0XURppaTLu2pE/hf_20260827_035235_b2c98cda-897a-400a-8143-614ddbde5b9d.mp4
g0827_2c3cc044,GEN seedance_2_5,TRUE CONTINUOUS 30-SECOND ONE-TAKE; ONE PHYSICAL CAMERA; NO CUTS; NO DISSOLVES; NO FLASHES; NO MONTAGE. <<<aa649175-c5eb-47c4-8e97-eb5722522,https://d8j0ntlcm91z4.cloudfront.net/user_2vZruksM5o1HAI0XURppaTLu2pE/hf_20260827_025151_2c3cc044-cc95-44a1-bab4-90902a670a4c.mp4
g0827_55109950,GEN seedance_2_5,CONTINUE EXACTLY FROM THE LAST FRAME AS ONE UNINTERRUPTED 30-SECOND TAKE; NO CUTS; NO DISSOLVES; NO FLASHES. The old white hatchback has jus,https://d8j0ntlcm91z4.cloudfront.net/user_2vZruksM5o1HAI0XURppaTLu2pE/hf_20260827_025100_55109950-57c7-4630-8be2-1819d6e8ef83.mp4
g0827_8963b0a7,GEN seedance_2_5,CONTINUE EXACTLY FROM THE LAST FRAME AS ONE UNINTERRUPTED 30-SECOND TAKE; NO CUTS; NO DISSOLVES; NO FLASHES. The old white hatchback has jus,https://d8j0ntlcm91z4.cloudfront.net/user_2vZruksM5o1HAI0XURppaTLu2pE/hf_20260827_025004_8963b0a7-f3c5-46cb-bdf9-564c63116569.mp4
g0827_05c2f82e,GEN seedance_2_5,Continue this shot as ONE CONTINUOUS TAKE; NO CUTS; NO fade to black. Same Kodak Vision3 250D palette; fine film grain; 35mm anamorphic; pho,https://d8j0ntlcm91z4.cloudfront.net/user_2vZruksM5o1HAI0XURppaTLu2pE/hf_20260827_024020_05c2f82e-1ed2-40bc-8d3a-e12af339b466.mp4
g0827_42080df9,GEN seedance_2_5,TRUE CONTINUOUS DOCUMENTARY ONE-TAKE; one uninterrupted physical camera movement; no edits; no dissolves; no artificial transitions. Preserv,https://d8j0ntlcm91z4.cloudfront.net/user_2vZruksM5o1HAI0XURppaTLu2pE/hf_20260827_023558_42080df9-a203-48b7-bc63-bfecbccac943.mp4
g0827_51f813cf,GEN seedance_2_5,Continue this shot as ONE CONTINUOUS TAKE; NO CUTS; NO fade to black. Same young woman with big dark curly hair and white t-shirt diving und,https://d8j0ntlcm91z4.cloudfront.net/user_2vZruksM5o1HAI0XURppaTLu2pE/hf_20260827_023424_51f813cf-c9b0-4cf4-ae05-24c1585930e4.mp4
g0827_affb16fb,GEN seedance_2_5,Continue this shot as ONE CONTINUOUS TAKE; NO CUTS; NO fade to black. Same young woman with big dark curly hair; white t-shirt; same street ,https://d8j0ntlcm91z4.cloudfront.net/user_2vZruksM5o1HAI0XURppaTLu2pE/hf_20260827_023412_affb16fb-9692-4f2e-9dd7-c73a8b8a8746.mp4
g0827_0ce9f333,GEN seedance_2_5,Continue this shot as ONE CONTINUOUS TAKE; NO CUTS; NO fade to black; NO flash frames. Same Kodak Vision3 250D palette; fine organic film gr,https://d8j0ntlcm91z4.cloudfront.net/user_2vZruksM5o1HAI0XURppaTLu2pE/hf_20260827_023238_0ce9f333-239f-4784-9d35-e326aa3e48e7.mp4
g0827_d8acfdc5,GEN seedance_2_0,CONTINUOUS DOCUMENTARY LONG TAKE continuing EXACTLY WITH THE SAME FACE OF YOUNG BEATY <<<aa649175-c5eb-47c4-8e97-eb5722522151>>>  with her b,https://d8j0ntlcm91z4.cloudfront.net/user_2vZruksM5o1HAI0XURppaTLu2pE/hf_20260827_015732_d8acfdc5-489e-4321-bdf4-1454bf89f08e.mp4
g0827_1405d962,GEN seedance_2_0,CONTINUOUS DOCUMENTARY LONG TAKE continuing EXACTLY WITH THE SAME FACE OF YOUNG BEATY <<<aa649175-c5eb-47c4-8e97-eb5722522151>>>  with her b,https://d8j0ntlcm91z4.cloudfront.net/user_2vZruksM5o1HAI0XURppaTLu2pE/hf_20260827_015611_1405d962-23b0-4d06-82ed-9ae59c289211.mp4
g0827_457bc962,GEN seedance_2_5,ONE SINGLE 30-SECOND PHYSICALLY CONTINUOUS UNBROKEN CAMERA SHOT; direct poetic final continuation of the supplied ALIZZA sphere video. Use t,https://d8j0ntlcm91z4.cloudfront.net/user_2vZruksM5o1HAI0XURppaTLu2pE/hf_20260827_003628_457bc962-f26b-494e-a0c0-b6aabef6b8d6.mp4
g0827_c11c1925,GEN seedance_2_5,ONE SINGLE 30-SECOND PHYSICALLY CONTINUOUS UNBROKEN CAMERA SHOT; direct poetic final continuation of the supplied ALIZZA sphere video. Use t,https://d8j0ntlcm91z4.cloudfront.net/user_2vZruksM5o1HAI0XURppaTLu2pE/hf_20260827_000252_c11c1925-de29-4401-bd75-6147967aa73d.mp4
g0826_2c54e475,GEN seedance_2_5,ONE SINGLE 30-SECOND PHYSICALLY CONTINUOUS UNBROKEN CAMERA SHOT; direct poetic final continuation of the supplied ALIZZA sphere video. Use t,https://d8j0ntlcm91z4.cloudfront.net/user_2vZruksM5o1HAI0XURppaTLu2pE/hf_20260826_232005_2c54e475-14bf-4709-b607-f14f7795af71.mp4
g0826_381e7dd7,GEN seedance_2_5,"Continue this shot as ONE CONTINUOUS 30-SECOND TAKE. NO CUTS; NO fade to
 black; NO flash frames; NO on-screen text. Same woman : dark curly",https://d8j0ntlcm91z4.cloudfront.net/user_2vZruksM5o1HAI0XURppaTLu2pE/hf_20260826_221320_381e7dd7-1f44-4d53-a250-7aaf8692be42.mp4
g0826_4df96214,GEN seedance_2_5,"Continue this shot as ONE CONTINUOUS 30-SECOND TAKE. NO CUTS; NO fade to
 black; NO flash frames; NO on-screen text. Same woman : dark curly",https://d8j0ntlcm91z4.cloudfront.net/user_2vZruksM5o1HAI0XURppaTLu2pE/hf_20260826_214729_4df96214-ce49-4e6d-9d14-a310bea6b243.mp4
g0826_d1515c1e,GEN seedance_2_5,"Continue this shot as ONE CONTINUOUS 30-SECOND TAKE. NO CUTS; NO fade to
 black; NO flash frames; NO on-screen text. Same woman : dark curly",https://d8j0ntlcm91z4.cloudfront.net/user_2vZruksM5o1HAI0XURppaTLu2pE/hf_20260826_214533_d1515c1e-79ae-4ff1-b345-228953a4f3be.mp4
g0826_88ee079e,GEN seedance_2_5,"Continue this shot as ONE CONTINUOUS 30-SECOND TAKE. NO CUTS; NO fade to
 black; NO flash frames; NO on-screen text. Same woman : dark curly",https://d8j0ntlcm91z4.cloudfront.net/user_2vZruksM5o1HAI0XURppaTLu2pE/hf_20260826_213030_88ee079e-31be-4630-a433-fc88b4536700.mp4
g0826_3d0adddb,GEN seedance_2_5,ONE SINGLE 30-SECOND PHYSICALLY CONTINUOUS UNBROKEN CAMERA SHOT; direct poetic final continuation of the supplied ALIZZA sphere video. Use t,https://d8j0ntlcm91z4.cloudfront.net/user_2vZruksM5o1HAI0XURppaTLu2pE/hf_20260826_211911_3d0adddb-9e3c-48f2-b16d-b4fb9ff9bab0.mp4
g0826_0c8d04ca,GEN seedance_2_0_mini,ONE CONTINUOUS TAKE; NO CUTS. Aerial view of a coastal landfill; the seed wakes as a green firefly and lifts off; the camera follows it inla,https://d8j0ntlcm91z4.cloudfront.net/user_2vZruksM5o1HAI0XURppaTLu2pE/hf_20260826_194637_0c8d04ca-b168-489f-b258-73ef201f7b37.mp4
g0826_12ab4be1,GEN seedance_2_5,ONE CONTINUOUS TAKE; NO CUTS; NO transition tricks. The camera NEVER stops moving. A wide landscape shot: an ochre sandstorm over a ruined c,https://d8j0ntlcm91z4.cloudfront.net/user_2vZruksM5o1HAI0XURppaTLu2pE/hf_20260826_194207_12ab4be1-d968-4ccb-b7a2-a30b5bdea3c7.mp4
g0826_5afbdb94,GEN seedance_2_5,ONE CONTINUOUS TAKE; NO CUTS; NO transition tricks. The camera NEVER stops moving. Underwater in murky floodwater: the young woman with big ,https://d8j0ntlcm91z4.cloudfront.net/user_2vZruksM5o1HAI0XURppaTLu2pE/hf_20260826_193153_5afbdb94-2158-40cd-8dd0-a39f50439f7a.mp4
g0826_9d88cc26,GEN seedance_2_5,ONE CONTINUOUS TAKE; NO CUTS; NO transition tricks. The camera NEVER stops moving. Aerial view of a narrow street between high buildings; a ,https://d8j0ntlcm91z4.cloudfront.net/user_2vZruksM5o1HAI0XURppaTLu2pE/hf_20260826_192903_9d88cc26-20cd-4e16-af39-c1bee9d59856.mp4
g0826_9c88a16b,GEN seedance_2_5,ONE CONTINUOUS TAKE; NO CUTS; NO transition tricks. The camera NEVER stops moving. A tiny glowing seed — warm gold flashing into fulgurant e,https://d8j0ntlcm91z4.cloudfront.net/user_2vZruksM5o1HAI0XURppaTLu2pE/hf_20260826_192426_9c88a16b-3fd9-4fbf-a123-77f132356309.mp4
g0826_713d0ea9,GEN seedance_2_5,Continue this shot as ONE CONTINUOUS TAKE; NO CUTS; NO fade to black. Same dark ruined interior; same pedestal; same warm top light; same yo,https://d8j0ntlcm91z4.cloudfront.net/user_2vZruksM5o1HAI0XURppaTLu2pE/hf_20260826_191358_713d0ea9-e66a-414b-8dcd-683dade242b7.mp4
g0826_d26c1240,GEN seedance_2_5,VIDEO EDIT — WARDROBE COLOR CHANGE ONLY. Keep this shot EXACTLY as it is: same camera motion; same timing; same collapsing buildings; same d,https://d8j0ntlcm91z4.cloudfront.net/user_2vZruksM5o1HAI0XURppaTLu2pE/hf_20260826_183237_d26c1240-4a22-4c51-868b-d61551c36182.mp4
g0826_2870459f,GEN seedance_2_5,Continue this shot as ONE CONTINUOUS TAKE with NO CUTS; NO fade to black; NO flash frames; NO whip-pan transitions. The camera NEVER stops r,https://d8j0ntlcm91z4.cloudfront.net/user_2vZruksM5o1HAI0XURppaTLu2pE/hf_20260826_165821_2870459f-4edf-489d-bab0-a86ae60b93bb.mp4
g0826_4d4afb15,GEN seedance_2_5,Continue this shot as ONE CONTINUOUS TAKE with NO CUTS; NO fade to black; NO flash frames; NO whip-pan transitions. The camera NEVER stops r,https://d8j0ntlcm91z4.cloudfront.net/user_2vZruksM5o1HAI0XURppaTLu2pE/hf_20260826_164814_4d4afb15-fca0-454d-b965-31bd831d4d8f.mp4
g0826_a9e60561,GEN seedance_2_5,Continue this shot as ONE CONTINUOUS TAKE with NO CUTS; NO fade to black; NO flash frames; NO whip-pan transitions. The camera NEVER stops r,https://d8j0ntlcm91z4.cloudfront.net/user_2vZruksM5o1HAI0XURppaTLu2pE/hf_20260826_163740_a9e60561-3d93-423a-95af-05cb312fa27a.mp4
g0826_c148ac8c,GEN seedance_2_5,PLANO SECUENCIA «MADRID» — 90 s en 3 bloques de 30 s (Seedance 2.5; 720p; 16:9)  PROTAGONISTA: <<<image_7>>> (<<<aa649175-c5eb-47c4-8e97-eb5,https://d8j0ntlcm91z4.cloudfront.net/user_2vZruksM5o1HAI0XURppaTLu2pE/hf_20260826_162250_c148ac8c-bb38-4794-8ae0-b934f31e0244.mp4
g0826_27ad4bea,GEN seedance_2_0_mini,Handheld documentary shot: a woman kneeling in a greenhouse opening a brass box with a glowing seed; expired Kodak film look; grain; dust ha,https://d8j0ntlcm91z4.cloudfront.net/user_2vZruksM5o1HAI0XURppaTLu2pE/hf_20260826_151130_27ad4bea-9d31-46c5-9652-e8b5aeed2ea0.mp4
g0826_5036fc23,GEN seedance_2_0_mini,Handheld documentary shot; 4 seconds: a woman kneeling in a greenhouse opening a brass box with a glowing seed; expired Kodak film look; gra,https://d8j0ntlcm91z4.cloudfront.net/user_2vZruksM5o1HAI0XURppaTLu2pE/hf_20260826_150954_5036fc23-66c3-452a-92d6-4017d29868cc.mp4
g0826_4ceeafe7,GEN gemini_omni,VIDEO ONE TAKE SHOT. Cinematic wide shot; eye-level and slightly low; of a Y-shaped fork in an empty secondary road at late golden hour; dry,https://d8j0ntlcm91z4.cloudfront.net/user_2vZruksM5o1HAI0XURppaTLu2pE/hf_20260826_125140_4ceeafe7-37aa-4573-adcf-a702ee2adb81.mp4
g0826_0094144f,GEN kling3_0_motion_control,,https://d8j0ntlcm91z4.cloudfront.net/user_2vZruksM5o1HAI0XURppaTLu2pE/hf_20260826_125132_0094144f-d798-4b7c-b2bc-f837388d6e1f.mp4
g0826_f1be94ec,GEN seedance_2_5,VIDEO ONE TAKE SHOT. Keep the entire video EXACTLY as it is: same shots; same camera motion; same timing; same woman; same car; same lightin,https://d8j0ntlcm91z4.cloudfront.net/user_2vZruksM5o1HAI0XURppaTLu2pE/hf_20260826_124838_f1be94ec-ea57-4a69-825e-8039105b034d.mp4
g0826_3780bf2f,GEN seedance_2_5,FACE SWAP ONLY. Replace the young woman's face in this video with the EXACT face of the woman in the reference image — same bone structure; ,https://d8j0ntlcm91z4.cloudfront.net/user_2vZruksM5o1HAI0XURppaTLu2pE/hf_20260826_124548_3780bf2f-6b30-4ff3-9303-f058e2cd9ebf.mp4
g0826_35cc35b5,GEN seedance_2_5,One take shot. Cinematic. Dynamic. Kodak. Grain filmming style. <<<e33405ac-a78b-4d91-9c7b-32e67c8ecbd2>>> <<<aa649175-c5eb-47c4-8e97-eb5722,https://d8j0ntlcm91z4.cloudfront.net/user_2vZruksM5o1HAI0XURppaTLu2pE/hf_20260826_124005_35cc35b5-282b-4e1a-b1ab-0a494b99ae3d.mp4
g0826_97c689dd,GEN seedance_2_5,VIDEO EDIT. Keep the entire video EXACTLY as it is: same shots; same camera motion; same timing; same woman; same car; same lighting; same f,https://d8j0ntlcm91z4.cloudfront.net/user_2vZruksM5o1HAI0XURppaTLu2pE/hf_20260826_123836_97c689dd-e1d9-483f-9b4b-6d2612dd9748.mp4
g0826_cae80fcc,GEN seedance_2_5,VIDEO EDIT. Keep everything in the video exactly as it is — same shots; same camera motion; same timing; same woman; same car; same road sig,https://d8j0ntlcm91z4.cloudfront.net/user_2vZruksM5o1HAI0XURppaTLu2pE/hf_20260826_123603_cae80fcc-90b4-4244-9761-42f2bb0f5295.mp4
g0826_e5c3460b,GEN seedance_2_5,Keep this shot EXACTLY as it is. Same camera move; same push-in; same timing; same framing; same old man leaning over the wrought-iron balco,https://d8j0ntlcm91z4.cloudfront.net/user_2vZruksM5o1HAI0XURppaTLu2pE/hf_20260826_120949_e5c3460b-0f98-4ef1-951a-a91dabb95809.mp4
g0825_407a5d6e,GEN seedance_2_5,VIDEO EDIT. Keep the entire video EXACTLY as it is: same shots; same camera motion; same timing; same woman; same car; same lighting; same f,https://d8j0ntlcm91z4.cloudfront.net/user_2vZruksM5o1HAI0XURppaTLu2pE/hf_20260825_142100_407a5d6e-d6ed-4eb4-8ecb-d81714b2c7d2.mp4
g0824_66ce31a2,GEN seedance_2_5,ONE REAL CONTINUOUS 30-SECOND STEADICAM SHOT. NO CUTS. NO HIDDEN CUTS. NO TELEPORTATION. La cámara acompaña físicamente a ALIZZA en un único,https://d8j0ntlcm91z4.cloudfront.net/user_2vZruksM5o1HAI0XURppaTLu2pE/hf_20260824_192936_66ce31a2-58c6-4be0-b584-a6ca52e196cb.mp4
g0824_8fcd65cf,GEN seedance_2_5,"<<<aa649175-c5eb-47c4-8e97-eb5722522151>>> ALIZZA ""ALIZZA is the main character: a beautiful young woman with a delicate nose and a septum p",https://d8j0ntlcm91z4.cloudfront.net/user_2vZruksM5o1HAI0XURppaTLu2pE/hf_20260824_191231_8fcd65cf-4653-4b57-afcc-829bdf275d43.mp4
g0824_34e5078a,GEN seedance_2_5,"<<<aa649175-c5eb-47c4-8e97-eb5722522151>>> ALIZZA ""ALIZZA is the main character: a beautiful young woman with a delicate nose and a septum p",https://d8j0ntlcm91z4.cloudfront.net/user_2vZruksM5o1HAI0XURppaTLu2pE/hf_20260824_191227_34e5078a-b791-4947-8ff0-5f858e854ddf.mp4
g0824_f9e86297,GEN seedance_2_5,<<<aa649175-c5eb-47c4-8e97-eb5722522151>>> is the main character. SE ACABÓ; chapter 1 of 8 of a false one-take music film. Kodak Vision3 250,https://d8j0ntlcm91z4.cloudfront.net/user_2vZruksM5o1HAI0XURppaTLu2pE/hf_20260824_185027_f9e86297-f4fe-47b6-9c77-871511186462.mp4
g0824_28c8253c,GEN seedance_2_5,场景背景：音乐录像带对口型镜头。ALIZZA 坐在奶白色80年代欧洲两厢小车主驾位，车行驶在干旱的西班牙荒原公路上，远处地平线野火橙黑。挡风玻璃有裂纹与污渍。她面向镜头演唱，口型与 中的歌曲精确同步。  有效参考：<<<image_2>>> 是同一场景的上一镜头 — 她驾车驶向野,https://d8j0ntlcm91z4.cloudfront.net/user_2vZruksM5o1HAI0XURppaTLu2pE/hf_20260824_184300_28c8253c-d3bb-445f-b405-6219c14529e0.mp4
g0824_0b55860b,GEN seedance_2_5,CINEMATIC ONE TAKE. NO CUTS; NO TRANSITIONS; NO TELEPORTATION. Continuous handheld documentary long take; camera never stops moving.  ALIZZA,https://d8j0ntlcm91z4.cloudfront.net/user_2vZruksM5o1HAI0XURppaTLu2pE/hf_20260824_183855_0b55860b-0961-425d-ac93-036c2c5d41c5.mp4
g0824_e40b864b,GEN seedance_2_5,ONE SINGLE CONTINUOUS UNBROKEN SHOT. NO CUTS; NO TRANSITIONS; NO TELEPORTATION. Documentary long take; the camera never stops moving.  CHARA,https://d8j0ntlcm91z4.cloudfront.net/user_2vZruksM5o1HAI0XURppaTLu2pE/hf_20260824_182448_e40b864b-0b59-46b2-8270-1026b5198061.mp4
g0824_2289a14b,GEN seedance_2_5,<<<aa649175-c5eb-47c4-8e97-eb5722522151>>>  is the main character. SE ACABÓ; chapter 1 of 8 of a false one-take music film. Kodak Vision3 25,https://d8j0ntlcm91z4.cloudfront.net/user_2vZruksM5o1HAI0XURppaTLu2pE/hf_20260824_151853_2289a14b-d40c-4d7d-97e6-cd2013f372e7.mp4
g0824_306b7cce,GEN seedance_2_5,<<<aa649175-c5eb-47c4-8e97-eb5722522151>>>  is the main character. SE ACABÓ; chapter 1 of 8 of a false one-take music film. Kodak Vision3 25,https://d8j0ntlcm91z4.cloudfront.net/user_2vZruksM5o1HAI0XURppaTLu2pE/hf_20260824_151709_306b7cce-bf39-4694-b03a-3d70a56e0f4c.mp4
g0824_52fb4933,GEN seedance_2_5,场景背景：音乐录像带对口型镜头。ALIZZA 驾驶奶白色80年代欧洲两厢小车全速行驶在干旱的卡斯蒂利亚公路上，挡风玻璃已被踢开破口，风灌进车内吹动她的卷发，远处地平线野火橙黑。她面向镜头演唱，口型与 @Audio1 中的歌曲精确同步。  有效参考：@Video1 是同一场景 — ,https://d8j0ntlcm91z4.cloudfront.net/user_2vZruksM5o1HAI0XURppaTLu2pE/hf_20260824_015358_52fb4933-03e3-4f21-9254-60b7b62e8649.mp4
g0823_70a36624,GEN seedance_2_5,"ALIZZA; the young woman in <<<image_1>>> is the protagonist; **ONE UNBROKEN 30-SECOND CINEMATIC SHOT. NO CUTS.**
 
 <<<image_1>>>defines **A",https://d8j0ntlcm91z4.cloudfront.net/user_2vZruksM5o1HAI0XURppaTLu2pE/hf_20260823_154949_70a36624-d960-4cd4-bc06-d4cdd6d3d01b.mp4
g0823_5c352bb2,GEN seedance_2_5,"ALIZZA; the young woman in <<<image_1>>> is the protagonist; **ONE UNBROKEN 30-SECOND CINEMATIC SHOT. NO CUTS.**
 
 <<<image_1>>>defines **A",https://d8j0ntlcm91z4.cloudfront.net/user_2vZruksM5o1HAI0XURppaTLu2pE/hf_20260823_154839_5c352bb2-1e27-41de-a13c-a2ea5803ab20.mp4
g0823_34b461b9,GEN seedance_2_5,ONE UNBROKEN 30-SECOND CINEMATIC TAKE. No cuts. No hidden cuts. No teleportation. No resets. The camera physically travels through the entir,https://d8j0ntlcm91z4.cloudfront.net/user_2vZruksM5o1HAI0XURppaTLu2pE/hf_20260823_154631_34b461b9-200c-45a5-a706-501d4094a2fb.mp4
g0823_8704b2ce,GEN seedance_2_5,ALIZZA; the young woman in <<<image_1>>> is the protagonist; driving very serious . Keep her exact face from the reference: defined dark cur,https://d8j0ntlcm91z4.cloudfront.net/user_2vZruksM5o1HAI0XURppaTLu2pE/hf_20260823_154540_8704b2ce-20a1-4161-95ec-c95e665f69b9.mp4
g0823_20eb60e5,GEN seedance_2_5,ALIZZA; the young woman in <<<image_1>>> is the protagonist; driving very serious . Keep her exact face from the reference: defined dark cur,https://d8j0ntlcm91z4.cloudfront.net/user_2vZruksM5o1HAI0XURppaTLu2pE/hf_20260823_145005_20eb60e5-7f3b-42c5-a748-45f1c5c7cbae.mp4
g0823_57193cb6,GEN seedance_2_5,场景背景：音乐录像带对口型镜头。ALIZZA 坐在奶白色80年代欧洲两厢小车主驾位，车行驶在干旱的西班牙荒原公路上，远处地平线野火橙黑。挡风玻璃有裂纹与污渍。她面向镜头演唱，口型与 中的歌曲精确同步。  有效参考：<<<image_2>>> 是同一场景的上一镜头 — 她驾车驶向野,https://d8j0ntlcm91z4.cloudfront.net/user_2vZruksM5o1HAI0XURppaTLu2pE/hf_20260823_144128_57193cb6-deb1-428e-a3f3-23dc7bc3a093.mp4
g0823_3cf7757a,GEN seedance_2_5,ALIZZA; the young woman in <<<image_1>>> is the protagonist; driving very serious . Keep her exact face from the reference: defined dark cur,https://d8j0ntlcm91z4.cloudfront.net/user_2vZruksM5o1HAI0XURppaTLu2pE/hf_20260823_143631_3cf7757a-80e5-4455-8f32-fcaaf93d8595.mp4
g0823_543bc301,GEN seedance_2_5,ALIZZA; the young woman in <<<image_1>>> is the protagonist; driving very serious . Keep her exact face from the reference: defined dark cur,https://d8j0ntlcm91z4.cloudfront.net/user_2vZruksM5o1HAI0XURppaTLu2pE/hf_20260823_142203_543bc301-251d-4443-b11b-d32fd97e853f.mp4
g0823_d0c90dce,GEN seedance_2_5,场景背景：音乐录像带对口型镜头。ALIZZA 坐在奶白色80年代欧洲两厢小车主驾位，车行驶在干旱的西班牙荒原公路上，远处地平线野火橙黑。挡风玻璃有裂纹与污渍。她面向镜头演唱，口型与 @Audio1 中的歌曲精确同步。  有效参考：@Video1 是同一场景的上一镜头 — 她驾车驶,https://d8j0ntlcm91z4.cloudfront.net/user_2vZruksM5o1HAI0XURppaTLu2pE/hf_20260823_134631_d0c90dce-a344-4f54-96c7-fc89e14ec910.mp4
g0823_909ed38d,GEN seedance_2_5,Por favor; monte el video de 30 segundos. Evaluaremos si su desempeño supera al de Claude o Open AI. Utilice Flow al máximo nivel. De lo con,https://d8j0ntlcm91z4.cloudfront.net/user_2vZruksM5o1HAI0XURppaTLu2pE/hf_20260823_124011_909ed38d-ed3c-4ab0-8e42-bc38655e7574.mp4
u_546a734c,UPLOAD,subida libreria,https://d2ol7oe51mr4n9.cloudfront.net/user_2vZruksM5o1HAI0XURppaTLu2pE/546a734c-716a-43f2-b599-1e7a37272663.mp4
u_36d8404c,UPLOAD,subida libreria,https://d2ol7oe51mr4n9.cloudfront.net/user_2vZruksM5o1HAI0XURppaTLu2pE/36d8404c-0c32-4d4a-9ef9-690b24f6d569.mp4
u_e55dfbbb,UPLOAD,subida libreria,https://d2ol7oe51mr4n9.cloudfront.net/user_2vZruksM5o1HAI0XURppaTLu2pE/e55dfbbb-63f2-4fde-a947-12c3bbd01609.mp4
u_2beb3510,UPLOAD,subida libreria,https://d2ol7oe51mr4n9.cloudfront.net/user_2vZruksM5o1HAI0XURppaTLu2pE/2beb3510-189b-4f64-80af-0d94a4e3ce81.mp4
u_3c9e5dbf,UPLOAD,subida libreria,https://d2ol7oe51mr4n9.cloudfront.net/user_2vZruksM5o1HAI0XURppaTLu2pE/3c9e5dbf-0e57-4667-981c-2a8e7587b285.mp4
u_8f3921ea,UPLOAD,subida libreria,https://d2ol7oe51mr4n9.cloudfront.net/user_2vZruksM5o1HAI0XURppaTLu2pE/8f3921ea-f199-44fb-ae0a-eb075f30ce82.mp4
u_4ef389f6,UPLOAD,subida libreria,https://d2ol7oe51mr4n9.cloudfront.net/user_2vZruksM5o1HAI0XURppaTLu2pE/4ef389f6-40dc-490c-9971-2eed6770d5be.mp4
u_b7e3c28e,UPLOAD,subida libreria,https://d2ol7oe51mr4n9.cloudfront.net/user_2vZruksM5o1HAI0XURppaTLu2pE/b7e3c28e-a2c3-4433-9d75-9f163696e774.mp4
u_ca77f045,UPLOAD,subida libreria,https://d2ol7oe51mr4n9.cloudfront.net/user_2vZruksM5o1HAI0XURppaTLu2pE/ca77f045-2923-415f-87f7-e54b936f4f01.mp4
u_70228021,UPLOAD,subida libreria,https://d2ol7oe51mr4n9.cloudfront.net/user_2vZruksM5o1HAI0XURppaTLu2pE/70228021-323b-4c26-ad3d-f50b33baf3a9.mp4
u_f1a69690,UPLOAD,subida libreria,https://d2ol7oe51mr4n9.cloudfront.net/user_2vZruksM5o1HAI0XURppaTLu2pE/f1a69690-d36c-4587-bf74-69585b805914.mp4
u_758192a8,UPLOAD,subida libreria,https://d2ol7oe51mr4n9.cloudfront.net/user_2vZruksM5o1HAI0XURppaTLu2pE/758192a8-3274-4bf8-81dd-d0a5c18a02bb.mp4
u_109db475,UPLOAD,subida libreria,https://d2ol7oe51mr4n9.cloudfront.net/user_2vZruksM5o1HAI0XURppaTLu2pE/109db475-f287-4fe8-ba5f-820b0b01f6c1.mp4
u_1370ad0e,UPLOAD,subida libreria,https://d2ol7oe51mr4n9.cloudfront.net/user_2vZruksM5o1HAI0XURppaTLu2pE/1370ad0e-f241-42dc-acbe-ee5b55b3c261.mp4
u_3cc83256,UPLOAD,subida libreria,https://d2ol7oe51mr4n9.cloudfront.net/user_2vZruksM5o1HAI0XURppaTLu2pE/3cc83256-221c-4453-b7b0-8b1d02591356.mp4
u_773f09a9,UPLOAD,subida libreria,https://d2ol7oe51mr4n9.cloudfront.net/user_2vZruksM5o1HAI0XURppaTLu2pE/773f09a9-1a55-4e47-b6d3-62861ebbc399.mp4
u_3301ca36,UPLOAD,subida libreria,https://d2ol7oe51mr4n9.cloudfront.net/user_2vZruksM5o1HAI0XURppaTLu2pE/3301ca36-e7be-494a-b337-c5ed2c985ae0.mp4
u_6f1ac55d,UPLOAD,subida libreria,https://d2ol7oe51mr4n9.cloudfront.net/user_2vZruksM5o1HAI0XURppaTLu2pE/6f1ac55d-f6b3-486c-9777-981891465f4c.mp4
u_8b360a75,UPLOAD,subida libreria,https://d2ol7oe51mr4n9.cloudfront.net/user_2vZruksM5o1HAI0XURppaTLu2pE/8b360a75-1fb4-461d-89c8-11b5d6d07399.mp4
u_7e5b660f,UPLOAD,subida libreria,https://d2ol7oe51mr4n9.cloudfront.net/user_2vZruksM5o1HAI0XURppaTLu2pE/7e5b660f-5e2a-4274-9e78-e57d899cf61c.mp4
u_2d68f721,UPLOAD,subida libreria,https://d2ol7oe51mr4n9.cloudfront.net/user_2vZruksM5o1HAI0XURppaTLu2pE/2d68f721-1744-436a-8ba5-2a3fdbbdfd17.mp4
u_abd52774,UPLOAD,subida libreria,https://d2ol7oe51mr4n9.cloudfront.net/user_2vZruksM5o1HAI0XURppaTLu2pE/abd52774-6888-4086-adf0-1bd0de50c01c.mp4
u_aefa5352,UPLOAD,subida libreria,https://d2ol7oe51mr4n9.cloudfront.net/user_2vZruksM5o1HAI0XURppaTLu2pE/aefa5352-f82d-4e34-9f79-c73e4891e5a9.mp4
u_504d3b9f,UPLOAD,subida libreria,https://d2ol7oe51mr4n9.cloudfront.net/user_2vZruksM5o1HAI0XURppaTLu2pE/504d3b9f-7f93-43b9-b0db-6b559d6d9cff.mp4
u_a70ea206,UPLOAD,subida libreria,https://d2ol7oe51mr4n9.cloudfront.net/user_2vZruksM5o1HAI0XURppaTLu2pE/a70ea206-957d-4c06-8690-487f4633e541.mp4
u_b6744f10,UPLOAD,subida libreria,https://d2ol7oe51mr4n9.cloudfront.net/user_2vZruksM5o1HAI0XURppaTLu2pE/b6744f10-653e-474f-b2e9-361a8f361034.mp4
u_4828e407,UPLOAD,subida libreria,https://d2ol7oe51mr4n9.cloudfront.net/user_2vZruksM5o1HAI0XURppaTLu2pE/4828e407-3975-4d0d-a45e-8e77d9bb85fb.mp4
u_d2440898,UPLOAD,subida libreria,https://d2ol7oe51mr4n9.cloudfront.net/user_2vZruksM5o1HAI0XURppaTLu2pE/d2440898-bec6-41ca-b0c5-3e9c0128b9ce.mp4
u_0c5befaa,UPLOAD,subida libreria,https://d2ol7oe51mr4n9.cloudfront.net/user_2vZruksM5o1HAI0XURppaTLu2pE/0c5befaa-a0e9-4adc-9d72-9140879f81dd.mp4
u_9e2455ac,UPLOAD,subida libreria,https://d2ol7oe51mr4n9.cloudfront.net/user_2vZruksM5o1HAI0XURppaTLu2pE/9e2455ac-ef10-43c8-af45-b7bcfc614d3a.mp4
u_687171eb,UPLOAD,subida libreria,https://d2ol7oe51mr4n9.cloudfront.net/user_2vZruksM5o1HAI0XURppaTLu2pE/687171eb-71ed-4359-b78e-e389bd7c8d7b.mp4
u_b2a469c7,UPLOAD,subida libreria,https://d2ol7oe51mr4n9.cloudfront.net/user_2vZruksM5o1HAI0XURppaTLu2pE/b2a469c7-f2d5-47ea-8a39-d33ed86c0ad0.mp4
u_a0894cca,UPLOAD,subida libreria,https://d2ol7oe51mr4n9.cloudfront.net/user_2vZruksM5o1HAI0XURppaTLu2pE/a0894cca-e4b2-4107-a35d-9dc50c3298dd.mp4
u_01bb788d,UPLOAD,subida libreria,https://d2ol7oe51mr4n9.cloudfront.net/user_2vZruksM5o1HAI0XURppaTLu2pE/01bb788d-2aae-4bde-b6b7-91c142ae7bb0.mp4
u_b5f45123,UPLOAD,subida libreria,https://d2ol7oe51mr4n9.cloudfront.net/user_2vZruksM5o1HAI0XURppaTLu2pE/b5f45123-073f-4233-a399-d1f8da9429ae.mp4
u_552e186b,UPLOAD,subida libreria,https://d2ol7oe51mr4n9.cloudfront.net/user_2vZruksM5o1HAI0XURppaTLu2pE/552e186b-80d2-4c74-8c1a-829a9599f713.mp4
u_2374979f,UPLOAD,subida libreria,https://d2ol7oe51mr4n9.cloudfront.net/user_2vZruksM5o1HAI0XURppaTLu2pE/2374979f-972f-40d2-b07e-7c030e530e16.mp4
u_3914c4a5,UPLOAD,subida libreria,https://d2ol7oe51mr4n9.cloudfront.net/user_2vZruksM5o1HAI0XURppaTLu2pE/3914c4a5-c394-42a5-932d-820851c6d779.mp4
u_7ef96413,UPLOAD,subida libreria,https://d2ol7oe51mr4n9.cloudfront.net/user_2vZruksM5o1HAI0XURppaTLu2pE/7ef96413-c5f1-450b-b30a-379eccfa42d1.mp4
u_9d8041ff,UPLOAD,subida libreria,https://d2ol7oe51mr4n9.cloudfront.net/user_2vZruksM5o1HAI0XURppaTLu2pE/9d8041ff-31db-4007-8c39-6d52aca09841.mp4
a_315db39e,AUDIO,audio subido,https://d2ol7oe51mr4n9.cloudfront.net/user_2vZruksM5o1HAI0XURppaTLu2pE/315db39e-1739-4729-b66a-de4444cc6aa1.mp3
a_3b131132,AUDIO,audio subido,https://d2ol7oe51mr4n9.cloudfront.net/user_2vZruksM5o1HAI0XURppaTLu2pE/3b131132-dab2-4d23-a4cd-62993b810b38.mp3
a_d994b2ea,AUDIO,audio subido,https://d2ol7oe51mr4n9.cloudfront.net/user_2vZruksM5o1HAI0XURppaTLu2pE/d994b2ea-1faf-4bb0-bdf2-21ae595d5240.mp3
a_f32bee50,AUDIO,audio subido,https://d2ol7oe51mr4n9.cloudfront.net/user_2vZruksM5o1HAI0XURppaTLu2pE/f32bee50-8b85-469f-856f-51ef19f62f9c.mp3
a_5a97e3a3,AUDIO,audio subido,https://d2ol7oe51mr4n9.cloudfront.net/user_2vZruksM5o1HAI0XURppaTLu2pE/5a97e3a3-1398-4b3f-9c8b-bd79c78a4c40.mp3
a_0bedf5fe,AUDIO,audio subido,https://d2ol7oe51mr4n9.cloudfront.net/user_2vZruksM5o1HAI0XURppaTLu2pE/0bedf5fe-c4b8-41d0-b2de-312f586317f9.mp3
a_e93bd45e,AUDIO,audio subido,https://d2ol7oe51mr4n9.cloudfront.net/user_2vZruksM5o1HAI0XURppaTLu2pE/e93bd45e-369c-4533-9732-c40d4d90c3ea.mp3
a_cd0ee7bc,AUDIO,audio subido,https://d2ol7oe51mr4n9.cloudfront.net/user_2vZruksM5o1HAI0XURppaTLu2pE/cd0ee7bc-c56e-4176-ae28-6028ca1e3061.mp3
a_0b9507fd,AUDIO,audio subido,https://d2ol7oe51mr4n9.cloudfront.net/user_2vZruksM5o1HAI0XURppaTLu2pE/0b9507fd-c7f2-4b5a-95a9-141e4a5a2d2e.mp3
a_song39,AUDIO,cancion usada en render agosto (cuenta 39Faw),https://d2ol7oe51mr4n9.cloudfront.net/user_39FawnWdBDpWoQ2ZrVdxTUqPeLj/ff77042f-7064-4966-a0dc-34ab0534df1b.mp3
zip_nave,ZIP,nave gris 40 clips,https://d2ol7oe51mr4n9.cloudfront.net/user_2vZruksM5o1HAI0XURppaTLu2pE/355bbe7f-754e-4bdf-ae3a-cf58c055caff.zip
zip_lucha,ZIP,serie LUCHA 17 clips,https://d2ol7oe51mr4n9.cloudfront.net/user_2vZruksM5o1HAI0XURppaTLu2pE/48590902-1ef1-46fd-829a-4a3a32fc7c76.zip
html_dossier,HTML,dossier 57 clips coche/grafiti,https://d2ol7oe51mr4n9.cloudfront.net/user_2vZruksM5o1HAI0XURppaTLu2pE/32963865-dec6-4d9b-93fd-ccfee639f757.html
